Workbook

Sheet Max_An_non_triee
D1: PDT min | F1: 5 | H1: 15 | J1: 30 | L1: 60 | N1: 180 | P1: 360
D2: PDT titre | E2: r1 | G2: r10 | I2: r2 | K2: r3 | M2: r4 | O2: r5
E4: année | F4: RR | G4: année | H4: RR | I4: année | J4: RR | K4: année | L4: RR | M4: année | N4: RR | O4: année | P4: RR
F5: [mm] | H5: [mm] | J5: [mm] | L5: [mm] | N5: [mm] | P5: [mm]
E7: 1995 | F7: 48.113587 | G7: 1995 | H7: 158.38677 | I7: 1995 | J7: 53.177466 | K7: 1995 | L7: 35.342662 | M7: 1995 | N7: 51.343814 | O7: 1995 | P7: 67.887197
E8: 1996 | F8: 55.202284 | G8: 1996 | H8: 45.677841 | I8: 1996 | J8: 48.409488 | K8: 1996 | L8: 67.232444 | M8: 1996 | N8: 69.970812 | O8: 1996 | P8: 64.492448
E9: 1997 | F9: 85.479384 | G9: 1997 | H9: 55.149309 | I9: 1997 | J9: 60.713037 | K9: 1997 | L9: 63.557696 | M9: 1997 | N9: 109.63915 | O9: 1997 | P9: 48.779421
E10: 1998 | F10: 52.027841 | G10: 1998 | H10: 44.542183 | I10: 1998 | J10: 48.725679 | K10: 1998 | L10: 68.347725 | M10: 1998 | N10: 50.365691 | O10: 1998 | P10: 31.750242
E11: 1999 | F11: 71.92118 | G11: 1999 | H11: 47.69377 | I11: 1999 | J11: 58.509511 | K11: 1999 | L11: 53.175628 | M11: 1999 | N11: 37.6056 | O11: 1999 | P11: 62.855809
E12: 2000 | F12: 42.9274 | G12: 2000 | H12: 31.716584 | I12: 2000 | J12: 75.779616 | K12: 2000 | L12: 174.136 | M12: 2000 | N12: 124.62002 | O12: 2000 | P12: 46.8602
E13: 2001 | F13: 32.869201 | G13: 2001 | H13: 130.40716 | I13: 2001 | J13: 46.90432 | K13: 2001 | L13: 49.235622 | M13: 2001 | N13: 49.904619 | O13: 2001 | P13: 47.69377
E14: 2002 | F14: 48.386913 | G14: 2002 | H14: 53.529602 | I14: 2002 | J14: 46.322729 | K14: 2002 | L14: 64.341592 | M14: 2002 | N14: 180.25959 | O14: 2002 | P14: 130.40716
E15: 2003 | F15: 73.686025 | G15: 2003 | H15: 50.334666 | I15: 2003 | J15: 42.571262 | K15: 2003 | L15: 122.45557 | M15: 2003 | N15: 42.456314 | O15: 2003 | P15: 74.596848
E16: 2004 | F16: 79.012511 | G16: 2004 | H16: 130.14036 | I16: 2004 | J16: 130.32176 | K16: 2004 | L16: 79.541658 | M16: 2004 | N16: 54.546707 | O16: 2004 | P16: 180.25959
E17: 2005 | F17: 145.2444 | G17: 2005 | H17: 45.203563 | I17: 2005 | J17: 53.300994 | K17: 2005 | L17: 108.04607 | M17: 2005 | N17: 69.16986 | O17: 2005 | P17: 31.834221
E18: 2006 | F18: 68.347725 | G18: 2006 | H18: 61.421307 | I18: 2006 | J18: 65.493967 | K18: 2006 | L18: 46.103955 | M18: 2006 | N18: 116.9131 | O18: 2006 | P18: 71.749006
... E26: 2014 | F26: 50.704898 | G26: 2014 | H26: 81.782529 | I26: 2014 | J26: 148.15862 | K26: 2014 | L26: 178.83379 | M26: 2014 | N26: 44.353999 | O26: 2014 | P26: 64.768308

Sheet Valeurs Maximales Annuelles
C2: Coefficient de Weiss: | E2: =Max_An_non_triee!E2 -> r1 | G2: =Max_An_non_triee!G2 -> r10 | I2: =Max_An_non_triee!I2 -> r2 | K2: =Max_An_non_triee!K2 -> r3 | M2: =Max_An_non_triee!M2 -> r4 | O2: 6h
C3: 1
E4: RR tri | F4: Weiss | G4: RR tri | H4: Weiss | I4: RR tri | J4: Weiss | K4: RR tri | L4: Weiss | M4: RR tri | N4: Weiss | O4: RR tri | P4: Weiss
E5: [mm] | G5: [mm] | I5: [mm] | K5: [mm] | M5: [mm] | O5: [mm]
E7: {=_xlfn._xlws.SORT(Max_An_non_triee!F7:F1000,,1,FALSE)} -> 26.361987 | F7: =E7*$C$3 -> 26.361987 | G7: {=_xlfn._xlws.SORT(Max_An_non_triee!H7:H1000,,1,FALSE)} -> 31.716584 | H7: =G7*$C$3 -> 31.716584 | I7: {=_xlfn._xlws.SORT(Max_An_non_triee!J7:J1000,,1,FALSE)} -> 39.533421 | J7: =I7*$C$3 -> 39.533421 | K7: {=_xlfn._xlws.SORT(Max_An_non_triee!L7:L1000,,1,FALSE)} -> 32.911838 | L7: =K7*$C$3 -> 32.911838 | M7: {=_xlfn._xlws.SORT(Max_An_non_triee!N7:N1000,,1,FALSE)} -> 34.613623 | N7: =M7*$C$3 -> 34.613623 | O7: {=_xlfn._xlws.SORT(Max_An_non_triee!P7:P1000,,1,FALSE)} -> 31.750242 | P7: =O7*$C$3 -> 31.750242
E8: 32.869201 | F8: =E8*$C$3 -> 32.869201 | G8: 42.476169 | H8: =G8*$C$3 -> 42.476169 | I8: 42.571262 | J8: =I8*$C$3 -> 42.571262 | K8: 35.342662 | L8: =K8*$C$3 -> 35.342662 | M8: 37.6056 | N8: =M8*$C$3 -> 37.6056 | O8: 31.834221 | P8: =O8*$C$3 -> 31.834221
E9: 42.9274 | F9: =E9*$C$3 -> 42.9274 | G9: 44.542183 | H9: =G9*$C$3 -> 44.542183 | I9: 42.932035 | J9: =I9*$C$3 -> 42.932035 | K9: 39.48864 | L9: =K9*$C$3 -> 39.48864 | M9: 42.456314 | N9: =M9*$C$3 -> 42.456314 | O9: 42.103696 | P9: =O9*$C$3 -> 42.103696
E10: 47.048988 | F10: =E10*$C$3 -> 47.048988 | G10: 45.203563 | H10: =G10*$C$3 -> 45.203563 | I10: 46.322729 | J10: =I10*$C$3 -> 46.322729 | K10: 46.103955 | L10: =K10*$C$3 -> 46.103955 | M10: 44.353999 | N10: =M10*$C$3 -> 44.353999 | O10: 46.8602 | P10: =O10*$C$3 -> 46.8602
E11: 48.113587 | F11: =E11*$C$3 -> 48.113587 | G11: 45.677841 | H11: =G11*$C$3 -> 45.677841 | I11: 46.428178 | J11: =I11*$C$3 -> 46.428178 | K11: 47.186495 | L11: =K11*$C$3 -> 47.186495 | M11: 46.757559 | N11: =M11*$C$3 -> 46.757559 | O11: 47.69377 | P11: =O11*$C$3 -> 47.69377
E12: 48.386913 | F12: =E12*$C$3 -> 48.386913 | G12: 47.69377 | H12: =G12*$C$3 -> 47.69377 | I12: 46.90432 | J12: =I12*$C$3 -> 46.90432 | K12: 48.560495 | L12: =K12*$C$3 -> 48.560495 | M12: 49.904619 | N12: =M12*$C$3 -> 49.904619 | O12: 48.779421 | P12: =O12*$C$3 -> 48.779421
E13: 50.666395 | F13: =E13*$C$3 -> 50.666395 | G13: 50.334666 | H13: =G13*$C$3 -> 50.334666 | I13: 48.409488 | J13: =I13*$C$3 -> 48.409488 | K13: 49.235622 | L13: =K13*$C$3 -> 49.235622 | M13: 50.365691 | N13: =M13*$C$3 -> 50.365691 | O13: 52.934498 | P13: =O13*$C$3 -> 52.934498
E14: 50.704898 | F14: =E14*$C$3 -> 50.704898 | G14: 53.529602 | H14: =G14*$C$3 -> 53.529602 | I14: 48.725679 | J14: =I14*$C$3 -> 48.725679 | K14: 53.175628 | L14: =K14*$C$3 -> 53.175628 | M14: 51.343814 | N14: =M14*$C$3 -> 51.343814 | O14: 54.546707 | P14: =O14*$C$3 -> 54.546707
E15: 52.027841 | F15: =E15*$C$3 -> 52.027841 | G15: 53.938448 | H15: =G15*$C$3 -> 53.938448 | I15: 53.177466 | J15: =I15*$C$3 -> 53.177466 | K15: 57.815447 | L15: =K15*$C$3 -> 57.815447 | M15: 54.546707 | N15: =M15*$C$3 -> 54.546707 | O15: 60.656313 | P15: =O15*$C$3 -> 60.656313
E16: 53.786801 | F16: =E16*$C$3 -> 53.786801 | G16: 55.149309 | H16: =G16*$C$3 -> 55.149309 | I16: 53.300994 | J16: =I16*$C$3 -> 53.300994 | K16: 58.036922 | L16: =K16*$C$3 -> 58.036922 | M16: 55.72396 | N16: =M16*$C$3 -> 55.72396 | O16: 62.855809 | P16: =O16*$C$3 -> 62.855809
E17: 55.202284 | F17: =E17*$C$3 -> 55.202284 | G17: 58.186632 | H17: =G17*$C$3 -> 58.186632 | I17: 58.509511 | J17: =I17*$C$3 -> 58.509511 | K17: 63.557696 | L17: =K17*$C$3 -> 63.557696 | M17: 65.458561 | N17: =M17*$C$3 -> 65.458561 | O17: 64.492448 | P17: =O17*$C$3 -> 64.492448
E18: 68.347725 | F18: =E18*$C$3 -> 68.347725 | G18: 58.467666 | H18: =G18*$C$3 -> 58.467666 | I18: 60.713037 | J18: =I18*$C$3 -> 60.713037 | K18: 64.341592 | L18: =K18*$C$3 -> 64.341592 | M18: 69.16986 | N18: =M18*$C$3 -> 69.16986 | O18: 64.768308 | P18: =O18*$C$3 -> 64.768308
E19: 70.875376 | F19: =E19*$C$3 -> 70.875376 | G19: 61.421307 | H19: =G19*$C$3 -> 61.421307 | I19: 65.493967 | J19: =I19*$C$3 -> 65.493967 | K19: 67.232444 | L19: =K19*$C$3 -> 67.232444 | M19: 69.970812 | N19: =M19*$C$3 -> 69.970812 | O19: 67.887197 | P19: =O19*$C$3 -> 67.887197
... E104: 0 | F104: =E104*$C$3 -> 0 | G104: 0 | H104: =G104*$C$3 -> 0 | I104: 0 | J104: =I104*$C$3 -> 0 | K104: 0 | L104: =K104*$C$3 -> 0 | M104: 0 | N104: =M104*$C$3 -> 0 | O104: 0 | P104: =O104*$C$3 -> 0
E105: 0 | G105: 0 | I105: 0 | K105: 0 | M105: 0 | O105: 0
E106: 0 | G106: 0 | I106: 0 | K106: 0 | M106: 0 | O106: 0
E107: 0 | G107: 0 | I107: 0 | K107: 0 | M107: 0 | O107: 0
E108: 0 | G108: 0 | I108: 0 | K108: 0 | M108: 0 | O108: 0
E109: 0 | G109: 0 | I109: 0 | K109: 0 | M109: 0 | O109: 0
E110: 0 | G110: 0 | I110: 0 | K110: 0 | M110: 0 | O110: 0
E111: 0 | G111: 0 | I111: 0 | K111: 0 | M111: 0 | O111: 0
E112: 0 | G112: 0 | I112: 0 | K112: 0 | M112: 0 | O112: 0
E113: 0 | G113: 0 | I113: 0 | K113: 0 | M113: 0 | O113: 0
E114: 0 | G114: 0 | I114: 0 | K114: 0 | M114: 0 | O114: 0
E115: 0 | G115: 0 | I115: 0 | K115: 0 | M115: 0 | O115: 0
E116: 0 | G116: 0 | I116: 0 | K116: 0 | M116: 0 | O116: 0
... E1000: 0 | G1000: 0 | I1000: 0 | K1000: 0 | M1000: 0 | O1000: 0

Sheet Ajustement de GUMBEL
C1: moyenne = | D1: =AVERAGE(D12:D970) -> 67.419376 | E1: [mm] | P1: moyenne = | Q1: =AVERAGE(Q12:Q970) -> 74.277147 | R1: [mm] | AC1: moyenne = | AD1: =AVERAGE(AD12:AD970) -> 70.086606 | AE1: [mm] | AP1: moyenne = | AQ1: =AVERAGE(AQ12:AQ970) -> 76.23787 | AR1: [mm] | BC1: moyenne = | BD1: =AVERAGE(BD12:BD970) -> 77.308648 | BE1: [mm] | BP1: moyenne = | BQ1: =AVERAGE(BQ12:BQ970) -> 76.199023 | BR1: [mm]
C2: variance = | D2: =VAR(D12:D970) -> 979.60794 | E2: [-] | P2: variance = | Q2: =VAR(Q12:Q970) -> 1751.5768 | R2: [-] | AC2: variance = | AD2: =VAR(AD12:AD970) -> 1104.8699 | AE2: [-] | AP2: variance = | AQ2: =VAR(AQ12:AQ970) -> 1894.6568 | AR2: [-] | BC2: variance = | BD2: =VAR(BD12:BD970) -> 1687.0958 | BE2: [-] | BP2: variance = | BQ2: =VAR(BQ12:BQ970) -> 1858.5985 | BR2: [-]
C4: paramètre b = | D4: =SQRT(6/PI()^2*D2) -> 24.403488 | E4: [mm] | P4: paramètre b = | Q4: =SQRT(6/PI()^2*Q2) -> 32.631749 | R4: [mm] | AC4: paramètre b = | AD4: =SQRT(6/PI()^2*AD2) -> 25.916797 | AE4: [mm] | AP4: paramètre b = | AQ4: =SQRT(6/PI()^2*AQ2) -> 33.938374 | AR4: [mm] | BC4: paramètre b = | BD4: =SQRT(6/PI()^2*BD2) -> 32.025478 | BE4: [mm] | BP4: paramètre b = | BQ4: =SQRT(6/PI()^2*BQ2) -> 33.613873 | BR4: [mm]
C5: paramètre a = | D5: =D1-D4*0.5772156649 -> 53.3333 | E5: [mm] | P5: paramètre a = | Q5: =Q1-Q4*0.5772156649 -> 55.441591 | R5: [mm] | AC5: paramètre a = | AD5: =AD1-AD4*0.5772156649 -> 55.127024 | AE5: [mm] | AP5: paramètre a = | AQ5: =AQ1-AQ4*0.5772156649 -> 56.648109 | AR5: [mm] | BC5: paramètre a = | BD5: =BD1-BD4*0.5772156649 -> 58.823041 | BE5: [mm] | BP5: paramètre a = | BQ5: =BQ1-BQ4*0.5772156649 -> 56.796569 | BR5: [mm]
D7: =Max_An_non_triee!E2 -> r1 | Q7: =Max_An_non_triee!G2 -> r10 | AD7: =Max_An_non_triee!I2 -> r2 | AQ7: =Max_An_non_triee!K2 -> r3 | BD7: =Max_An_non_triee!M2 -> r4 | BQ7: =Max_An_non_triee!O2 -> r5 | BR7: teste
C8: N= | D8: =COUNT(D12:D970) -> 20 | P8: N= | Q8: =COUNT(Q12:Q970) -> 20 | AC8: N= | AD8: =COUNT(AD12:AD970) -> 20 | AP8: N= | AQ8: =COUNT(AQ12:AQ970) -> 20 | BC8: N= | BD8: =COUNT(BD12:BD970) -> 20 | BP8: N= | BQ8: =COUNT(BQ12:BQ970) -> 20
A9: rang | B9: fréquence empirique de Hazen | C9: variable réduite de Gumbel | D9: =_xlfn.CONCAT(D7,"_obs") -> r1_obs | E9: =_xlfn.CONCAT(D7,"_ajust") -> r1_ajust | N9: rang | O9: fréquence empirique de Hazen | P9: variable réduite de Gumbel | Q9: =_xlfn.CONCAT(Q7,"_obs") -> r10_obs | R9: =_xlfn.CONCAT(Q7,"_ajust") -> r10_ajust | AA9: rang | AB9: fréquence empirique de Hazen | AC9: variable réduite de Gumbel | AD9: =_xlfn.CONCAT(AD7,"_obs") -> r2_obs | AE9: =_xlfn.CONCAT(AD7,"_ajust") -> r2_ajust | AN9: rang | AO9: fréquence empirique de Hazen | AP9: variable réduite de Gumbel | AQ9: =_xlfn.CONCAT(AQ7,"_obs") -> r3_obs | AR9: =_xlfn.CONCAT(AQ7,"_ajust") -> r3_ajust | BA9: rang | BB9: fréquence empirique de Hazen | BC9: variable réduite de Gumbel | BD9: =_xlfn.CONCAT(BD7,"_obs") -> r4_obs | BE9: =_xlfn.CONCAT(BD7,"_ajust") -> r4_ajust | BN9: rang | BO9: fréquence empirique de Hazen | BP9: variable réduite de Gumbel | BQ9: =_xlfn.CONCAT(BQ7,"_obs") -> r5_obs | BR9: =_xlfn.CONCAT(BQ7,"_ajust") -> r5_ajust
A10: [-] | B10: [-] | C10: [-] | D10: [mm] | E10: [mm] | F10: Intervalle de confiance à 95% | N10: [-] | O10: [-] | P10: [-] | Q10: [mm] | R10: [mm] | S10: Intervalle de confiance à 95% | AA10: [-] | AB10: [-] | AC10: [-] | AD10: [mm] | AE10: [mm] | AF10: Intervalle de confiance à 95% | AN10: [-] | AO10: [-] | AP10: [-] | AQ10: [mm] | AR10: [mm] | AS10: Intervalle de confiance à 95% | BA10: [-] | BB10: [-] | BC10: [-] | BD10: [mm] | BE10: [mm] | BF10: Intervalle de confiance à 95% | BN10: [-] | BO10: [-] | BP10: [-] | BQ10: [mm] | BR10: [mm] | BS10: Intervalle de confiance à 95%
F11: TR | G11: F | H11: H max | I11: u | J11: =_xlfn.CONCAT("5%_",D7) -> 5%_r1 | K11: =_xlfn.CONCAT("95%_",D7) -> 95%_r1 | L11: σQJM | S11: TR | T11: F | U11: H max | V11: u | W11: =_xlfn.CONCAT("5%_",Q7) -> 5%_r10 | X11: =_xlfn.CONCAT("95%_",Q7) -> 95%_r10 | Y11: σQJM | AF11: TR | AG11: F | AH11: H max | AI11: u | AJ11: =_xlfn.CONCAT("5%_",AD7) -> 5%_r2 | AK11: =_xlfn.CONCAT("95%_",AD7) -> 95%_r2 | AL11: σQJM | AS11: TR | AT11: F | AU11: H max | AV11: u | AW11: =_xlfn.CONCAT("5%_",AQ7) -> 5%_r3 | AX11: =_xlfn.CONCAT("95%_",AQ7) -> 95%_r3 | AY11: σQJM | BF11: TR | BG11: F | BH11: H max | BI11: u | BJ11: =_xlfn.CONCAT("5%_",BD7) -> 5%_r4 | BK11: =_xlfn.CONCAT("95%_",BD7) -> 95%_r4 | BL11: σQJM | BQ11: Obs | BR11: Ajust | BS11: TR | BT11: F | BU11: H max | BV11: u | BW11: =_xlfn.CONCAT("5%_",BQ7) -> 5%_r5 | BX11: =_xlfn.CONCAT("95%_",BQ7) -> 95%_r5 | BY11: σQJM
A12: =RANK(D12,D$12:D$970,1) -> 1 | B12: =(A12-0.5)/COUNT(A$12:A$970) -> 0.025 | C12: =-LN(-LN(B12)) -> -1.3053227 | D12: ='Valeurs Maximales Annuelles'!F7 -> 26.361987 | E12: =D$5+C12*D$4 -> 21.478873 | F12: =1/(1-G12) -> 1.010101 | G12: 0.01 | H12: =D$5-D$4*LN(-LN(G12)) -> 16.064791 | I12: =-LN(-LN(G12)) -> -1.5271796 | J12: =H12-L12*1.96 -> -4.2888641 | K12: =H12+L12*1.96 -> 36.418446 | L12: =(STDEV(D$12:D$1000)/SQRT(D$8-1))*SQRT(0.7099+0.1165*I12+0.6687*I12*I12) -> 10.384518 | N12: =RANK(Q12,Q$12:Q$970,1) -> 1 | O12: =(N12-0.5)/COUNT(N$12:N$970) -> 0.025 | P12: =-LN(-LN(O12)) -> -1.3053227 | Q12: ='Valeurs Maximales Annuelles'!H7 -> 31.716584 | R12: =Q$5+P12*Q$4 -> 12.846627 | S12: =1/(1-T12) -> 1.010101 | T12: 0.01 | U12: =Q$5-Q$4*LN(-LN(T12)) -> 5.6070492 | V12: =-LN(-LN(T12)) -> -1.5271796 | W12: =U12-Y12*1.96 -> -21.609362 | X12: =U12+Y12*1.96 -> 32.82346 | Y12: =(STDEV(Q$12:Q$1000)/SQRT(Q$8-1))*SQRT(0.7099+0.1165*V12+0.6687*V12*V12) -> 13.885924 | AA12: =RANK(AD12,AD$12:AD$970,1) -> 1 | AB12: =(AA12-0.5)/COUNT(AA$12:AA$970) -> 0.025 | AC12: =-LN(-LN(AB12)) -> -1.3053227 | AD12: ='Valeurs Maximales Annuelles'!J7 -> 39.533421 | AE12: =AD$5+AC12*AD$4 -> 21.297239 | AF12: =1/(1-AG12) -> 1.010101 | AG12: 0.01 | AH12: =AD$5-AD$4*LN(-LN(AG12)) -> 15.54742 | AI12: =-LN(-LN(AG12)) -> -1.5271796 | AJ12: =AH12-AL12*1.96 -> -6.0684068 | AK12: =AH12+AL12*1.96 -> 37.163246 | AL12: =(STDEV(AD$12:AD$1000)/SQRT(AD$8-1))*SQRT(0.7099+0.1165*AI12+0.6687*AI12*AI12) -> 11.028483 | AN12: =RANK(AQ12,AQ$12:AQ$970,1) -> 1 | AO12: =(AN12-0.5)/COUNT(AN$12:AN$970) -> 0.025 | AP12: =-LN(-LN(AO12)) -> -1.3053227 | AQ12: ='Valeurs Maximales Annuelles'!L7 -> 32.911838 | AR12: =AQ$5+AP12*AQ$4 -> 12.347577 | AS12: =1/(1-AT12) -> 1.010101 | AT12: 0.01 | AU12: =AQ$5-AQ$4*LN(-LN(AT12)) -> 4.8181154 | AV12: =-LN(-LN(AT12)) -> -1.5271796 | AW12: =AU12-AY12*1.96 -> -23.488083 | AX12: =AU12+AY12*1.96 -> 33.124314 | AY12: =(STDEV(AQ$12:AQ$1000)/SQRT(AQ$8-1))*SQRT(0.7099+0.1165*AV12+0.6687*AV12*AV12) -> 14.441938 | BA12: =RANK(BD12,BD$12:BD$970,1) -> 1 | BB12: =(BA12-0.5)/COUNT(BA$12:BA$970) -> 0.025 | BC12: =-LN(-LN(BB12)) -> -1.3053227 | BD12: ='Valeurs Maximales Annuelles'!N7 -> 34.613623 | BE12: =BD$5+BC12*BD$4 -> 17.019455 | BF12: =1/(1-BG12) -> 1.010101 | BG12: 0.01 | BH12: =BD$5-BD$4*LN(-LN(BG12)) -> 9.9143824 | BI12: =-LN(-LN(BG12)) -> -1.5271796 | BJ12: =BH12-BL12*1.96 -> -16.796371 | BK12: =BH12+BL12*1.96 -> 36.625136 | BL12: =(STDEV(BD$12:BD$1000)/SQRT(BD$8-1))*SQRT(0.7099+0.1165*BI12+0.6687*BI12*BI12) -> 13.627935 | BN12: =RANK(BQ12,BQ$12:BQ$970,1) -> 1 | BO12: =(BN12-0.5)/COUNT(BN$12:BN$970) -> 0.025 | BP12: =-LN(-LN(BO12)) -> -1.3053227 | BQ12: ='Valeurs Maximales Annuelles'!P7 -> 31.750242 | BR12: =BQ$5+BP12*BQ$4 -> 12.919617 | BS12: =1/(1-BT12) -> 1.010101 | BT12: 0.01 | BU12: =BQ$5-BQ$4*LN(-LN(BT12)) -> 5.4621475 | BV12: =-LN(-LN(BT12)) -> -1.5271796 | BW12: =BU12-BY12*1.96 -> -22.573401 | BX12: =BU12+BY12*1.96 -> 33.497696 | BY12: =(STDEV(BQ$12:BQ$1000)/SQRT(BQ$8-1))*SQRT(0.7099+0.1165*BV12+0.6687*BV12*BV12) -> 14.303851
A13: =RANK(D13,D$12:D$970,1) -> 2 | B13: =(A13-0.5)/COUNT(A$12:A$970) -> 0.075 | C13: =-LN(-LN(B13)) -> -0.95176102 | D13: ='Valeurs Maximales Annuelles'!F8 -> 32.869201 | E13: =D$5+C13*D$4 -> 30.107012 | F13: =1/(1-G13) -> 1.0526316 | G13: 0.05 | H13: =D$5-D$4*LN(-LN(G13)) -> 26.558069 | I13: =-LN(-LN(G13)) -> -1.0971887 | J13: =H13-L13*1.96 -> 9.9830046 | K13: =H13+L13*1.96 -> 43.133134 | L13: =(STDEV(D$12:D$1000)/SQRT(D$8-1))*SQRT(0.7099+0.1165*I13+0.6687*I13*I13) -> 8.4566657 | N13: =RANK(Q13,Q$12:Q$970,1) -> 2 | O13: =(N13-0.5)/COUNT(N$12:N$970) -> 0.075 | P13: =-LN(-LN(O13)) -> -0.95176102 | Q13: ='Valeurs Maximales Annuelles'!H8 -> 42.476169 | R13: =Q$5+P13*Q$4 -> 24.383964 | S13: =1/(1-T13) -> 1.0526316 | T13: 0.05 | U13: =Q$5-Q$4*LN(-LN(T13)) -> 19.638405 | V13: =-LN(-LN(T13)) -> -1.0971887 | W13: =U13-Y13*1.96 -> -2.5253672 | X13: =U13+Y13*1.96 -> 41.802177 | Y13: =(STDEV(Q$12:Q$1000)/SQRT(Q$8-1))*SQRT(0.7099+0.1165*V13+0.6687*V13*V13) -> 11.308047 | AA13: =RANK(AD13,AD$12:AD$970,1) -> 2 | AB13: =(AA13-0.5)/COUNT(AA$12:AA$970) -> 0.075 | AC13: =-LN(-LN(AB13)) -> -0.95176102 | AD13: ='Valeurs Maximales Annuelles'!J8 -> 42.571262 | AE13: =AD$5+AC13*AD$4 -> 30.460427 | AF13: =1/(1-AG13) -> 1.0526316 | AG13: 0.05 | AH13: =AD$5-AD$4*LN(-LN(AG13)) -> 26.691407 | AI13: =-LN(-LN(AG13)) -> -1.0971887 | AJ13: =AH13-AL13*1.96 -> 9.0884893 | AK13: =AH13+AL13*1.96 -> 44.294325 | AL13: =(STDEV(AD$12:AD$1000)/SQRT(AD$8-1))*SQRT(0.7099+0.1165*AI13+0.6687*AI13*AI13) -> 8.9810806 | AN13: =RANK(AQ13,AQ$12:AQ$970,1) -> 2 | AO13: =(AN13-0.5)/COUNT(AN$12:AN$970) -> 0.075 | AP13: =-LN(-LN(AO13)) -> -0.95176102 | AQ13: ='Valeurs Maximales Annuelles'!L8 -> 35.342662 | AR13: =AQ$5+AP13*AQ$4 -> 24.346887 | AS13: =1/(1-AT13) -> 1.0526316 | AT13: 0.05 | AU13: =AQ$5-AQ$4*LN(-LN(AT13)) -> 19.411308 | AV13: =-LN(-LN(AT13)) -> -1.0971887 | AW13: =AU13-AY13*1.96 -> -3.6399355 | AX13: =AU13+AY13*1.96 -> 42.462552 | AY13: =(STDEV(AQ$12:AQ$1000)/SQRT(AQ$8-1))*SQRT(0.7099+0.1165*AV13+0.6687*AV13*AV13) -> 11.760839 | BA13: =RANK(BD13,BD$12:BD$970,1) -> 2 | BB13: =(BA13-0.5)/COUNT(BA$12:BA$970) -> 0.075 | BC13: =-LN(-LN(BB13)) -> -0.95176102 | BD13: ='Valeurs Maximales Annuelles'!N8 -> 37.6056 | BE13: =BD$5+BC13*BD$4 -> 28.342438 | BF13: =1/(1-BG13) -> 1.0526316 | BG13: 0.05 | BH13: =BD$5-BD$4*LN(-LN(BG13)) -> 23.685047 | BI13: =-LN(-LN(BG13)) -> -1.0971887 | BJ13: =BH13-BL13*1.96 -> 1.9330593 | BK13: =BH13+BL13*1.96 -> 45.437036 | BL13: =(STDEV(BD$12:BD$1000)/SQRT(BD$8-1))*SQRT(0.7099+0.1165*BI13+0.6687*BI13*BI13) -> 11.097953 | BN13: =RANK(BQ13,BQ$12:BQ$970,1) -> 2 | BO13: =(BN13-0.5)/COUNT(BN$12:BN$970) -> 0.075 | BP13: =-LN(-LN(BO13)) -> -0.95176102 | BQ13: ='Valeurs Maximales Annuelles'!P8 -> 31.834221 | BR13: =BQ$5+BP13*BQ$4 -> 24.804195 | BS13: =1/(1-BT13) -> 1.0526316 | BT13: 0.05 | BU13: =BQ$5-BQ$4*LN(-LN(BT13)) -> 19.915808 | BV13: =-LN(-LN(BT13)) -> -1.0971887 | BW13: =BU13-BY13*1.96 -> -2.9150319 | BX13: =BU13+BY13*1.96 -> 42.746647 | BY13: =(STDEV(BQ$12:BQ$1000)/SQRT(BQ$8-1))*SQRT(0.7099+0.1165*BV13+0.6687*BV13*BV13) -> 11.648387
A14: =RANK(D14,D$12:D$970,1) -> 3 | B14: =(A14-0.5)/COUNT(A$12:A$970) -> 0.125 | C14: =-LN(-LN(B14)) -> -0.73209937 | D14: ='Valeurs Maximales Annuelles'!F9 -> 42.9274 | E14: =D$5+C14*D$4 -> 35.467522 | F14: =1/(1-G14) -> 1.0999999 | G14: 0.090909 | H14: =D$5-D$4*LN(-LN(G14)) -> 31.99021 | I14: =-LN(-LN(G14)) -> -0.8745918 | J14: =H14-L14*1.96 -> 17.09939 | K14: =H14+L14*1.96 -> 46.88103 | L14: =(STDEV(D$12:D$1000)/SQRT(D$8-1))*SQRT(0.7099+0.1165*I14+0.6687*I14*I14) -> 7.5973572 | N14: =RANK(Q14,Q$12:Q$970,1) -> 3 | O14: =(N14-0.5)/COUNT(N$12:N$970) -> 0.125 | P14: =-LN(-LN(O14)) -> -0.73209937 | Q14: ='Valeurs Maximales Annuelles'!H9 -> 44.542183 | R14: =Q$5+P14*Q$4 -> 31.551908 | S14: =1/(1-T14) -> 1.0999999 | T14: 0.090909 | U14: =Q$5-Q$4*LN(-LN(T14)) -> 26.902131 | V14: =-LN(-LN(T14)) -> -0.8745918 | W14: =U14-Y14*1.96 -> 6.9904897 | X14: =U14+Y14*1.96 -> 46.813772 | Y14: =(STDEV(Q$12:Q$1000)/SQRT(Q$8-1))*SQRT(0.7099+0.1165*V14+0.6687*V14*V14) -> 10.159001 | AA14: =RANK(AD14,AD$12:AD$970,1) -> 3 | AB14: =(AA14-0.5)/COUNT(AA$12:AA$970) -> 0.125 | AC14: =-LN(-LN(AB14)) -> -0.73209937 | AD14: ='Valeurs Maximales Annuelles'!J9 -> 42.932035 | AE14: =AD$5+AC14*AD$4 -> 36.153353 | AF14: =1/(1-AG14) -> 1.0999999 | AG14: 0.090909 | AH14: =AD$5-AD$4*LN(-LN(AG14)) -> 32.460406 | AI14: =-LN(-LN(AG14)) -> -0.8745918 | AJ14: =AH14-AL14*1.96 -> 16.646176 | AK14: =AH14+AL14*1.96 -> 48.274636 | AL14: =(STDEV(AD$12:AD$1000)/SQRT(AD$8-1))*SQRT(0.7099+0.1165*AI14+0.6687*AI14*AI14) -> 8.0684846 | AN14: =RANK(AQ14,AQ$12:AQ$970,1) -> 3 | AO14: =(AN14-0.5)/COUNT(AN$12:AN$970) -> 0.125 | AP14: =-LN(-LN(AO14)) -> -0.73209937 | AQ14: ='Valeurs Maximales Annuelles'!L9 -> 39.48864 | AR14: =AQ$5+AP14*AQ$4 -> 31.801847 | AS14: =1/(1-AT14) -> 1.0999999 | AT14: 0.090909 | AU14: =AQ$5-AQ$4*LN(-LN(AT14)) -> 26.965885 | AV14: =-LN(-LN(AT14)) -> -0.8745918 | AW14: =AU14-AY14*1.96 -> 6.256951 | AX14: =AU14+AY14*1.96 -> 47.674819 | AY14: =(STDEV(AQ$12:AQ$1000)/SQRT(AQ$8-1))*SQRT(0.7099+0.1165*AV14+0.6687*AV14*AV14) -> 10.565783 | BA14: =RANK(BD14,BD$12:BD$970,1) -> 3 | BB14: =(BA14-0.5)/COUNT(BA$12:BA$970) -> 0.125 | BC14: =-LN(-LN(BB14)) -> -0.73209937 | BD14: ='Valeurs Maximales Annuelles'!N9 -> 42.456314 | BE14: =BD$5+BC14*BD$4 -> 35.377208 | BF14: =1/(1-BG14) -> 1.0999999 | BG14: 0.090909 | BH14: =BD$5-BD$4*LN(-LN(BG14)) -> 30.81382 | BI14: =-LN(-LN(BG14)) -> -0.8745918 | BJ14: =BH14-BL14*1.96 -> 11.27212 | BK14: =BH14+BL14*1.96 -> 50.35552 | BL14: =(STDEV(BD$12:BD$1000)/SQRT(BD$8-1))*SQRT(0.7099+0.1165*BI14+0.6687*BI14*BI14) -> 9.9702551 | BN14: =RANK(BQ14,BQ$12:BQ$970,1) -> 3 | BO14: =(BN14-0.5)/COUNT(BN$12:BN$970) -> 0.125 | BP14: =-LN(-LN(BO14)) -> -0.73209937 | BQ14: ='Valeurs Maximales Annuelles'!P9 -> 42.103696 | BR14: =BQ$5+BP14*BQ$4 -> 32.187874 | BS14: =1/(1-BT14) -> 1.0999999 | BT14: 0.090909 | BU14: =BQ$5-BQ$4*LN(-LN(BT14)) -> 27.398151 | BV14: =-LN(-LN(BT14)) -> -0.8745918 | BW14: =BU14-BY14*1.96 -> 6.8872256 | BX14: =BU14+BY14*1.96 -> 47.909077 | BY14: =(STDEV(BQ$12:BQ$1000)/SQRT(BQ$8-1))*SQRT(0.7099+0.1165*BV14+0.6687*BV14*BV14) -> 10.464758
A15: =RANK(D15,D$12:D$970,1) -> 4 | B15: =(A15-0.5)/COUNT(A$12:A$970) -> 0.175 | C15: =-LN(-LN(B15)) -> -0.55559016 | D15: ='Valeurs Maximales Annuelles'!F10 -> 47.048988 | E15: =D$5+C15*D$4 -> 39.774963 | F15: =1/(1-G15) -> 1.1764706 | G15: 0.15 | H15: =D$5-D$4*LN(-LN(G15)) -> 37.706846 | I15: =-LN(-LN(G15)) -> -0.64033694 | J15: =H15-L15*1.96 -> 24.285252 | K15: =H15+L15*1.96 -> 51.128439 | L15: =(STDEV(D$12:D$1000)/SQRT(D$8-1))*SQRT(0.7099+0.1165*I15+0.6687*I15*I15) -> 6.8477518 | N15: =RANK(Q15,Q$12:Q$970,1) -> 4 | O15: =(N15-0.5)/COUNT(N$12:N$970) -> 0.175 | P15: =-LN(-LN(O15)) -> -0.55559016 | Q15: ='Valeurs Maximales Annuelles'!H10 -> 45.203563 | R15: =Q$5+P15*Q$4 -> 37.311713 | S15: =1/(1-T15) -> 1.1764706 | T15: 0.15 | U15: =Q$5-Q$4*LN(-LN(T15)) -> 34.546277 | V15: =-LN(-LN(T15)) -> -0.64033694 | W15: =U15-Y15*1.96 -> 16.599249 | X15: =U15+Y15*1.96 -> 52.493304 | Y15: =(STDEV(Q$12:Q$1000)/SQRT(Q$8-1))*SQRT(0.7099+0.1165*V15+0.6687*V15*V15) -> 9.1566467 | AA15: =RANK(AD15,AD$12:AD$970,1) -> 4 | AB15: =(AA15-0.5)/COUNT(AA$12:AA$970) -> 0.175 | AC15: =-LN(-LN(AB15)) -> -0.55559016 | AD15: ='Valeurs Maximales Annuelles'!J10 -> 46.322729 | AE15: =AD$5+AC15*AD$4 -> 40.727907 | AF15: =1/(1-AG15) -> 1.1764706 | AG15: 0.15 | AH15: =AD$5-AD$4*LN(-LN(AG15)) -> 38.531542 | AI15: =-LN(-LN(AG15)) -> -0.64033694 | AJ15: =AH15-AL15*1.96 -> 24.277648 | AK15: =AH15+AL15*1.96 -> 52.785435 | AL15: =(STDEV(AD$12:AD$1000)/SQRT(AD$8-1))*SQRT(0.7099+0.1165*AI15+0.6687*AI15*AI15) -> 7.2723947 | AN15: =RANK(AQ15,AQ$12:AQ$970,1) -> 4 | AO15: =(AN15-0.5)/COUNT(AN$12:AN$970) -> 0.175 | AP15: =-LN(-LN(AO15)) -> -0.55559016 | AQ15: ='Valeurs Maximales Annuelles'!L10 -> 46.103955 | AR15: =AQ$5+AP15*AQ$4 -> 37.792282 | AS15: =1/(1-AT15) -> 1.1764706 | AT15: 0.15 | AU15: =AQ$5-AQ$4*LN(-LN(AT15)) -> 34.916114 | AV15: =-LN(-LN(AT15)) -> -0.64033694 | AW15: =AU15-AY15*1.96 -> 16.25046 | AX15: =AU15+AY15*1.96 -> 53.581768 | AY15: =(STDEV(AQ$12:AQ$1000)/SQRT(AQ$8-1))*SQRT(0.7099+0.1165*AV15+0.6687*AV15*AV15) -> 9.5232929 | BA15: =RANK(BD15,BD$12:BD$970,1) -> 4 | BB15: =(BA15-0.5)/COUNT(BA$12:BA$970) -> 0.175 | BC15: =-LN(-LN(BB15)) -> -0.55559016 | BD15: ='Valeurs Maximales Annuelles'!N10 -> 44.353999 | BE15: =BD$5+BC15*BD$4 -> 41.03 | BF15: =1/(1-BG15) -> 1.1764706 | BG15: 0.15 | BH15: =BD$5-BD$4*LN(-LN(BG15)) -> 38.315944 | BI15: =-LN(-LN(BG15)) -> -0.64033694 | BJ15: =BH15-BL15*1.96 -> 20.702357 | BK15: =BH15+BL15*1.96 -> 55.929531 | BL15: =(STDEV(BD$12:BD$1000)/SQRT(BD$8-1))*SQRT(0.7099+0.1165*BI15+0.6687*BI15*BI15) -> 8.986524 | BN15: =RANK(BQ15,BQ$12:BQ$970,1) -> 4 | BO15: =(BN15-0.5)/COUNT(BN$12:BN$970) -> 0.175 | BP15: =-LN(-LN(BO15)) -> -0.55559016 | BQ15: ='Valeurs Maximales Annuelles'!P10 -> 46.8602 | BR15: =BQ$5+BP15*BQ$4 -> 38.121032 | BS15: =1/(1-BT15) -> 1.1764706 | BT15: 0.15 | BU15: =BQ$5-BQ$4*LN(-LN(BT15)) -> 35.272365 | BV15: =-LN(-LN(BT15)) -> -0.64033694 | BW15: =BU15-BY15*1.96 -> 16.785182 | BX15: =BU15+BY15*1.96 -> 53.759547 | BY15: =(STDEV(BQ$12:BQ$1000)/SQRT(BQ$8-1))*SQRT(0.7099+0.1165*BV15+0.6687*BV15*BV15) -> 9.432236
A16: =RANK(D16,D$12:D$970,1) -> 5 | B16: =(A16-0.5)/COUNT(A$12:A$970) -> 0.225 | C16: =-LN(-LN(B16)) -> -0.39988616 | D16: ='Valeurs Maximales Annuelles'!F11 -> 48.113587 | E16: =D$5+C16*D$4 -> 43.574683 | F16: =1/(1-G16) -> 1.25 | G16: 0.2 | H16: =D$5-D$4*LN(-LN(G16)) -> 41.720047 | I16: =-LN(-LN(G16)) -> -0.475885 | J16: =H16-L16*1.96 -> 29.085917 | K16: =H16+L16*1.96 -> 54.354177 | L16: =(STDEV(D$12:D$1000)/SQRT(D$8-1))*SQRT(0.7099+0.1165*I16+0.6687*I16*I16) -> 6.4459847 | N16: =RANK(Q16,Q$12:Q$970,1) -> 5 | O16: =(N16-0.5)/COUNT(N$12:N$970) -> 0.225 | P16: =-LN(-LN(O16)) -> -0.39988616 | Q16: ='Valeurs Maximales Annuelles'!H11 -> 45.677841 | R16: =Q$5+P16*Q$4 -> 42.392606 | S16: =1/(1-T16) -> 1.25 | T16: 0.2 | U16: =Q$5-Q$4*LN(-LN(T16)) -> 39.912631 | V16: =-LN(-LN(T16)) -> -0.475885 | W16: =U16-Y16*1.96 -> 23.018581 | X16: =U16+Y16*1.96 -> 56.806682 | Y16: =(STDEV(Q$12:Q$1000)/SQRT(Q$8-1))*SQRT(0.7099+0.1165*V16+0.6687*V16*V16) -> 8.6194135 | AA16: =RANK(AD16,AD$12:AD$970,1) -> 5 | AB16: =(AA16-0.5)/COUNT(AA$12:AA$970) -> 0.225 | AC16: =-LN(-LN(AB16)) -> -0.39988616 | AD16: ='Valeurs Maximales Annuelles'!J11 -> 46.428178 | AE16: =AD$5+AC16*AD$4 -> 44.763256 | AF16: =1/(1-AG16) -> 1.25 | AG16: 0.2 | AH16: =AD$5-AD$4*LN(-LN(AG16)) -> 42.793609 | AI16: =-LN(-LN(AG16)) -> -0.475885 | AJ16: =AH16-AL16*1.96 -> 29.376011 | AK16: =AH16+AL16*1.96 -> 56.211207 | AL16: =(STDEV(AD$12:AD$1000)/SQRT(AD$8-1))*SQRT(0.7099+0.1165*AI16+0.6687*AI16*AI16) -> 6.8457132 | AN16: =RANK(AQ16,AQ$12:AQ$970,1) -> 5 | AO16: =(AN16-0.5)/COUNT(AN$12:AN$970) -> 0.225 | AP16: =-LN(-LN(AO16)) -> -0.39988616 | AQ16: ='Valeurs Maximales Annuelles'!L11 -> 47.186495 | AR16: =AQ$5+AP16*AQ$4 -> 43.076623 | AS16: =1/(1-AT16) -> 1.25 | AT16: 0.2 | AU16: =AQ$5-AQ$4*LN(-LN(AT16)) -> 40.497346 | AV16: =-LN(-LN(AT16)) -> -0.475885 | AW16: =AU16-AY16*1.96 -> 22.926832 | AX16: =AU16+AY16*1.96 -> 58.06786 | AY16: =(STDEV(AQ$12:AQ$1000)/SQRT(AQ$8-1))*SQRT(0.7099+0.1165*AV16+0.6687*AV16*AV16) -> 8.9645481 | BA16: =RANK(BD16,BD$12:BD$970,1) -> 5 | BB16: =(BA16-0.5)/COUNT(BA$12:BA$970) -> 0.225 | BC16: =-LN(-LN(BB16)) -> -0.39988616 | BD16: ='Valeurs Maximales Annuelles'!N11 -> 46.757559 | BE16: =BD$5+BC16*BD$4 -> 46.016495 | BF16: =1/(1-BG16) -> 1.25 | BG16: 0.2 | BH16: =BD$5-BD$4*LN(-LN(BG16)) -> 43.582596 | BI16: =-LN(-LN(BG16)) -> -0.475885 | BJ16: =BH16-BL16*1.96 -> 27.002423 | BK16: =BH16+BL16*1.96 -> 60.162769 | BL16: =(STDEV(BD$12:BD$1000)/SQRT(BD$8-1))*SQRT(0.7099+0.1165*BI16+0.6687*BI16*BI16) -> 8.4592721 | BN16: =RANK(BQ16,BQ$12:BQ$970,1) -> 5 | BO16: =(BN16-0.5)/COUNT(BN$12:BN$970) -> 0.225 | BP16: =-LN(-LN(BO16)) -> -0.39988616 | BQ16: ='Valeurs Maximales Annuelles'!P11 -> 47.69377 | BR16: =BQ$5+BP16*BQ$4 -> 43.354846 | BS16: =1/(1-BT16) -> 1.25 | BT16: 0.2 | BU16: =BQ$5-BQ$4*LN(-LN(BT16)) -> 40.800231 | BV16: =-LN(-LN(BT16)) -> -0.475885 | BW16: =BU16-BY16*1.96 -> 23.397717 | BX16: =BU16+BY16*1.96 -> 58.202745 | BY16: =(STDEV(BQ$12:BQ$1000)/SQRT(BQ$8-1))*SQRT(0.7099+0.1165*BV16+0.6687*BV16*BV16) -> 8.8788336
A17: =RANK(D17,D$12:D$970,1) -> 6 | B17: =(A17-0.5)/COUNT(A$12:A$970) -> 0.275 | C17: =-LN(-LN(B17)) -> -0.25540486 | D17: ='Valeurs Maximales Annuelles'!F12 -> 48.386913 | E17: =D$5+C17*D$4 -> 47.100531 | F17: =1/(1-G17) -> 1.3333333 | G17: 0.25 | H17: =D$5-D$4*LN(-LN(G17)) -> 45.362285 | I17: =-LN(-LN(G17)) -> -0.32663426 | J17: =H17-L17*1.96 -> 33.229639 | K17: =H17+L17*1.96 -> 57.494932 | L17: =(STDEV(D$12:D$1000)/SQRT(D$8-1))*SQRT(0.7099+0.1165*I17+0.6687*I17*I17) -> 6.1901258 | N17: =RANK(Q17,Q$12:Q$970,1) -> 6 | O17: =(N17-0.5)/COUNT(N$12:N$970) -> 0.275 | P17: =-LN(-LN(O17)) -> -0.25540486 | Q17: ='Valeurs Maximales Annuelles'!H12 -> 47.69377 | R17: =Q$5+P17*Q$4 -> 47.107284 | S17: =1/(1-T17) -> 1.3333333 | T17: 0.25 | U17: =Q$5-Q$4*LN(-LN(T17)) -> 44.782944 | V17: =-LN(-LN(T17)) -> -0.32663426 | W17: =U17-Y17*1.96 -> 28.559465 | X17: =U17+Y17*1.96 -> 61.006423 | Y17: =(STDEV(Q$12:Q$1000)/SQRT(Q$8-1))*SQRT(0.7099+0.1165*V17+0.6687*V17*V17) -> 8.2772852 | AA17: =RANK(AD17,AD$12:AD$970,1) -> 6 | AB17: =(AA17-0.5)/COUNT(AA$12:AA$970) -> 0.275 | AC17: =-LN(-LN(AB17)) -> -0.25540486 | AD17: ='Valeurs Maximales Annuelles'!J12 -> 46.90432 | AE17: =AD$5+AC17*AD$4 -> 48.507748 | AF17: =1/(1-AG17) -> 1.3333333 | AG17: 0.25 | AH17: =AD$5-AD$4*LN(-LN(AG17)) -> 46.66171 | AI17: =-LN(-LN(AG17)) -> -0.32663426 | AJ17: =AH17-AL17*1.96 -> 33.776694 | AK17: =AH17+AL17*1.96 -> 59.546727 | AL17: =(STDEV(AD$12:AD$1000)/SQRT(AD$8-1))*SQRT(0.7099+0.1165*AI17+0.6687*AI17*AI17) -> 6.5739879 | AN17: =RANK(AQ17,AQ$12:AQ$970,1) -> 6 | AO17: =(AN17-0.5)/COUNT(AN$12:AN$970) -> 0.275 | AP17: =-LN(-LN(AO17)) -> -0.25540486 | AQ17: ='Valeurs Maximales Annuelles'!L12 -> 48.560495 | AR17: =AQ$5+AP17*AQ$4 -> 47.980083 | AS17: =1/(1-AT17) -> 1.3333333 | AT17: 0.25 | AU17: =AQ$5-AQ$4*LN(-LN(AT17)) -> 45.562673 | AV17: =-LN(-LN(AT17)) -> -0.32663426 | AW17: =AU17-AY17*1.96 -> 28.689581 | AX17: =AU17+AY17*1.96 -> 62.435765 | AY17: =(STDEV(AQ$12:AQ$1000)/SQRT(AQ$8-1))*SQRT(0.7099+0.1165*AV17+0.6687*AV17*AV17) -> 8.6087204 | BA17: =RANK(BD17,BD$12:BD$970,1) -> 6 | BB17: =(BA17-0.5)/COUNT(BA$12:BA$970) -> 0.275 | BC17: =-LN(-LN(BB17)) -> -0.25540486 | BD17: ='Valeurs Maximales Annuelles'!N12 -> 49.904619 | BE17: =BD$5+BC17*BD$4 -> 50.643578 | BF17: =1/(1-BG17) -> 1.3333333 | BG17: 0.25 | BH17: =BD$5-BD$4*LN(-LN(BG17)) -> 48.362422 | BI17: =-LN(-LN(BG17)) -> -0.32663426 | BJ17: =BH17-BL17*1.96 -> 32.440362 | BK17: =BH17+BL17*1.96 -> 64.284483 | BL17: =(STDEV(BD$12:BD$1000)/SQRT(BD$8-1))*SQRT(0.7099+0.1165*BI17+0.6687*BI17*BI17) -> 8.1235003 | BN17: =RANK(BQ17,BQ$12:BQ$970,1) -> 6 | BO17: =(BN17-0.5)/COUNT(BN$12:BN$970) -> 0.275 | BP17: =-LN(-LN(BO17)) -> -0.25540486 | BQ17: ='Valeurs Maximales Annuelles'!P12 -> 48.779421 | BR17: =BQ$5+BP17*BQ$4 -> 48.211422 | BS17: =1/(1-BT17) -> 1.3333333 | BT17: 0.25 | BU17: =BQ$5-BQ$4*LN(-LN(BT17)) -> 45.817126 | BV17: =-LN(-LN(BT17)) -> -0.32663426 | BW17: =BU17-BY17*1.96 -> 29.105366 | BX17: =BU17+BY17*1.96 -> 62.528886 | BY17: =(STDEV(BQ$12:BQ$1000)/SQRT(BQ$8-1))*SQRT(0.7099+0.1165*BV17+0.6687*BV17*BV17) -> 8.5264082
A18: =RANK(D18,D$12:D$970,1) -> 7 | B18: =(A18-0.5)/COUNT(A$12:A$970) -> 0.325 | C18: =-LN(-LN(B18)) -> -0.11683156 | D18: ='Valeurs Maximales Annuelles'!F13 -> 50.666395 | E18: =D$5+C18*D$4 -> 50.482203 | F18: =1/(1-G18) -> 1.4285714 | G18: 0.3 | H18: =D$5-D$4*LN(-LN(G18)) -> 48.80336 | I18: =-LN(-LN(G18)) -> -0.18562676 | J18: =H18-L18*1.96 -> 36.933742 | K18: =H18+L18*1.96 -> 60.672978 | L18: =(STDEV(D$12:D$1000)/SQRT(D$8-1))*SQRT(0.7099+0.1165*I18+0.6687*I18*I18) -> 6.0559274 | N18: =RANK(Q18,Q$12:Q$970,1) -> 7 | O18: =(N18-0.5)/COUNT(N$12:N$970) -> 0.325 | P18: =-LN(-LN(O18)) -> -0.11683156 | Q18: ='Valeurs Maximales Annuelles'!H13 -> 50.334666 | R18: =Q$5+P18*Q$4 -> 51.629173 | S18: =1/(1-T18) -> 1.4285714 | T18: 0.3 | U18: =Q$5-Q$4*LN(-LN(T18)) -> 49.384265 | V18: =-LN(-LN(T18)) -> -0.18562676 | W18: =U18-Y18*1.96 -> 33.512502 | X18: =U18+Y18*1.96 -> 65.256028 | Y18: =(STDEV(Q$12:Q$1000)/SQRT(Q$8-1))*SQRT(0.7099+0.1165*V18+0.6687*V18*V18) -> 8.0978384 | AA18: =RANK(AD18,AD$12:AD$970,1) -> 7 | AB18: =(AA18-0.5)/COUNT(AA$12:AA$970) -> 0.325 | AC18: =-LN(-LN(AB18)) -> -0.11683156 | AD18: ='Valeurs Maximales Annuelles'!J13 -> 48.409488 | AE18: =AD$5+AC18*AD$4 -> 52.099124 | AF18: =1/(1-AG18) -> 1.4285714 | AG18: 0.3 | AH18: =AD$5-AD$4*LN(-LN(AG18)) -> 50.316173 | AI18: =-LN(-LN(AG18)) -> -0.18562676 | AJ18: =AH18-AL18*1.96 -> 37.710497 | AK18: =AH18+AL18*1.96 -> 62.92185 | AL18: =(STDEV(AD$12:AD$1000)/SQRT(AD$8-1))*SQRT(0.7099+0.1165*AI18+0.6687*AI18*AI18) -> 6.4314677 | AN18: =RANK(AQ18,AQ$12:AQ$970,1) -> 7 | AO18: =(AN18-0.5)/COUNT(AN$12:AN$970) -> 0.325 | AP18: =-LN(-LN(AO18)) -> -0.11683156 | AQ18: ='Valeurs Maximales Annuelles'!L13 -> 49.235622 | AR18: =AQ$5+AP18*AQ$4 -> 52.683036 | AS18: =1/(1-AT18) -> 1.4285714 | AT18: 0.3 | AU18: =AQ$5-AQ$4*LN(-LN(AT18)) -> 50.348239 | AV18: =-LN(-LN(AT18)) -> -0.18562676 | AW18: =AU18-AY18*1.96 -> 33.840945 | AX18: =AU18+AY18*1.96 -> 66.855532 | AY18: =(STDEV(AQ$12:AQ$1000)/SQRT(AQ$8-1))*SQRT(0.7099+0.1165*AV18+0.6687*AV18*AV18) -> 8.4220883 | BA18: =RANK(BD18,BD$12:BD$970,1) -> 7 | BB18: =(BA18-0.5)/COUNT(BA$12:BA$970) -> 0.325 | BC18: =-LN(-LN(BB18)) -> -0.11683156 | BD18: ='Valeurs Maximales Annuelles'!N13 -> 50.365691 | BE18: =BD$5+BC18*BD$4 -> 55.081454 | BF18: =1/(1-BG18) -> 1.4285714 | BG18: 0.3 | BH18: =BD$5-BD$4*LN(-LN(BG18)) -> 52.878255 | BI18: =-LN(-LN(BG18)) -> -0.18562676 | BJ18: =BH18-BL18*1.96 -> 37.301375 | BK18: =BH18+BL18*1.96 -> 68.455134 | BL18: =(STDEV(BD$12:BD$1000)/SQRT(BD$8-1))*SQRT(0.7099+0.1165*BI18+0.6687*BI18*BI18) -> 7.9473874 | BN18: =RANK(BQ18,BQ$12:BQ$970,1) -> 7 | BO18: =(BN18-0.5)/COUNT(BN$12:BN$970) -> 0.325 | BP18: =-LN(-LN(BO18)) -> -0.11683156 | BQ18: ='Valeurs Maximales Annuelles'!P13 -> 52.934498 | BR18: =BQ$5+BP18*BQ$4 -> 52.869408 | BS18: =1/(1-BT18) -> 1.4285714 | BT18: 0.3 | BU18: =BQ$5-BQ$4*LN(-LN(BT18)) -> 50.556935 | BV18: =-LN(-LN(BT18)) -> -0.18562676 | BW18: =BU18-BY18*1.96 -> 34.207476 | BX18: =BU18+BY18*1.96 -> 66.906393 | BY18: =(STDEV(BQ$12:BQ$1000)/SQRT(BQ$8-1))*SQRT(0.7099+0.1165*BV18+0.6687*BV18*BV18) -> 8.3415606
A19: =RANK(D19,D$12:D$970,1) -> 8 | B19: =(A19-0.5)/COUNT(A$12:A$970) -> 0.375 | C19: =-LN(-LN(B19)) -> 0.019356889 | D19: ='Valeurs Maximales Annuelles'!F14 -> 50.704898 | E19: =D$5+C19*D$4 -> 53.805676 | F19: =1/(1-G19) -> 1.5384615 | G19: 0.35 | H19: =D$5-D$4*LN(-LN(G19)) -> 52.146785 | I19: =-LN(-LN(G19)) -> -0.048620745 | J19: =H19-L19*1.96 -> 40.323141 | K19: =H19+L19*1.96 -> 63.970428 | L19: =(STDEV(D$12:D$1000)/SQRT(D$8-1))*SQRT(0.7099+0.1165*I19+0.6687*I19*I19) -> 6.032471 | N19: =RANK(Q19,Q$12:Q$970,1) -> 8 | O19: =(N19-0.5)/COUNT(N$12:N$970) -> 0.375 | P19: =-LN(-LN(O19)) -> 0.019356889 | Q19: ='Valeurs Maximales Annuelles'!H14 -> 53.529602 | R19: =Q$5+P19*Q$4 -> 56.07324 | S19: =1/(1-T19) -> 1.5384615 | T19: 0.35 | U19: =Q$5-Q$4*LN(-LN(T19)) -> 53.855011 | V19: =-LN(-LN(T19)) -> -0.048620745 | W19: =U19-Y19*1.96 -> 38.044724 | X19: =U19+Y19*1.96 -> 69.665298 | Y19: =(STDEV(Q$12:Q$1000)/SQRT(Q$8-1))*SQRT(0.7099+0.1165*V19+0.6687*V19*V19) -> 8.0664731 | AA19: =RANK(AD19,AD$12:AD$970,1) -> 8 | AB19: =(AA19-0.5)/COUNT(AA$12:AA$970) -> 0.375 | AC19: =-LN(-LN(AB19)) -> 0.019356889 | AD19: ='Valeurs Maximales Annuelles'!J14 -> 48.725679 | AE19: =AD$5+AC19*AD$4 -> 55.628693 | AF19: =1/(1-AG19) -> 1.5384615 | AG19: 0.35 | AH19: =AD$5-AD$4*LN(-LN(AG19)) -> 53.86693 | AI19: =-LN(-LN(AG19)) -> -0.048620745 | AJ19: =AH19-AL19*1.96 -> 41.310079 | AK19: =AH19+AL19*1.96 -> 66.423781 | AL19: =(STDEV(AD$12:AD$1000)/SQRT(AD$8-1))*SQRT(0.7099+0.1165*AI19+0.6687*AI19*AI19) -> 6.4065567 | AN19: =RANK(AQ19,AQ$12:AQ$970,1) -> 8 | AO19: =(AN19-0.5)/COUNT(AN$12:AN$970) -> 0.375 | AP19: =-LN(-LN(AO19)) -> 0.019356889 | AQ19: ='Valeurs Maximales Annuelles'!L14 -> 53.175628 | AR19: =AQ$5+AP19*AQ$4 -> 57.30505 | AS19: =1/(1-AT19) -> 1.5384615 | AT19: 0.35 | AU19: =AQ$5-AQ$4*LN(-LN(AT19)) -> 54.998 | AV19: =-LN(-LN(AT19)) -> -0.048620745 | AW19: =AU19-AY19*1.96 -> 38.554644 | AX19: =AU19+AY19*1.96 -> 71.441355 | AY19: =(STDEV(AQ$12:AQ$1000)/SQRT(AQ$8-1))*SQRT(0.7099+0.1165*AV19+0.6687*AV19*AV19) -> 8.3894671 | BA19: =RANK(BD19,BD$12:BD$970,1) -> 8 | BB19: =(BA19-0.5)/COUNT(BA$12:BA$970) -> 0.375 | BC19: =-LN(-LN(BB19)) -> 0.019356889 | BD19: ='Valeurs Maximales Annuelles'!N14 -> 51.343814 | BE19: =BD$5+BC19*BD$4 -> 59.442954 | BF19: =1/(1-BG19) -> 1.5384615 | BG19: 0.35 | BH19: =BD$5-BD$4*LN(-LN(BG19)) -> 57.265938 | BI19: =-LN(-LN(BG19)) -> -0.048620745 | BJ19: =BH19-BL19*1.96 -> 41.749392 | BK19: =BH19+BL19*1.96 -> 72.782484 | BL19: =(STDEV(BD$12:BD$1000)/SQRT(BD$8-1))*SQRT(0.7099+0.1165*BI19+0.6687*BI19*BI19) -> 7.9166049 | BN19: =RANK(BQ19,BQ$12:BQ$970,1) -> 8 | BO19: =(BN19-0.5)/COUNT(BN$12:BN$970) -> 0.375 | BP19: =-LN(-LN(BO19)) -> 0.019356889 | BQ19: ='Valeurs Maximales Annuelles'!P14 -> 54.546707 | BR19: =BQ$5+BP19*BQ$4 -> 57.447229 | BS19: =1/(1-BT19) -> 1.5384615 | BT19: 0.35 | BU19: =BQ$5-BQ$4*LN(-LN(BT19)) -> 55.162237 | BV19: =-LN(-LN(BT19)) -> -0.048620745 | BW19: =BU19-BY19*1.96 -> 38.876105 | BX19: =BU19+BY19*1.96 -> 71.44837 | BY19: =(STDEV(BQ$12:BQ$1000)/SQRT(BQ$8-1))*SQRT(0.7099+0.1165*BV19+0.6687*BV19*BV19) -> 8.3092513
A20: =RANK(D20,D$12:D$970,1) -> 9 | B20: =(A20-0.5)/COUNT(A$12:A$970) -> 0.425 | C20: =-LN(-LN(B20)) -> 0.15587504 | D20: ='Valeurs Maximales Annuelles'!F15 -> 52.027841 | E20: =D$5+C20*D$4 -> 57.137195 | F20: =1/(1-G20) -> 1.6666667 | G20: 0.4 | H20: =D$5-D$4*LN(-LN(G20)) -> 55.466692 | I20: =-LN(-LN(G20)) -> 0.087421572 | J20: =H20-L20*1.96 -> 43.481834 | K20: =H20+L20*1.96 -> 67.451549 | L20: =(STDEV(D$12:D$1000)/SQRT(D$8-1))*SQRT(0.7099+0.1165*I20+0.6687*I20*I20) -> 6.1147232 | N20: =RANK(Q20,Q$12:Q$970,1) -> 9 | O20: =(N20-0.5)/COUNT(N$12:N$970) -> 0.425 | P20: =-LN(-LN(O20)) -> 0.15587504 | Q20: ='Valeurs Maximales Annuelles'!H15 -> 53.938448 | R20: =Q$5+P20*Q$4 -> 60.528066 | S20: =1/(1-T20) -> 1.6666667 | T20: 0.4 | U20: =Q$5-Q$4*LN(-LN(T20)) -> 58.29431 | V20: =-LN(-LN(T20)) -> 0.087421572 | W20: =U20-Y20*1.96 -> 42.268451 | X20: =U20+Y20*1.96 -> 74.320169 | Y20: =(STDEV(Q$12:Q$1000)/SQRT(Q$8-1))*SQRT(0.7099+0.1165*V20+0.6687*V20*V20) -> 8.1764587 | AA20: =RANK(AD20,AD$12:AD$970,1) -> 9 | AB20: =(AA20-0.5)/COUNT(AA$12:AA$970) -> 0.425 | AC20: =-LN(-LN(AB20)) -> 0.15587504 | AD20: ='Valeurs Maximales Annuelles'!J15 -> 53.177466 | AE20: =AD$5+AC20*AD$4 -> 59.166806 | AF20: =1/(1-AG20) -> 1.6666667 | AG20: 0.4 | AH20: =AD$5-AD$4*LN(-LN(AG20)) -> 57.392711 | AI20: =-LN(-LN(AG20)) -> 0.087421572 | AJ20: =AH20-AL20*1.96 -> 44.664649 | AK20: =AH20+AL20*1.96 -> 70.120774 | AL20: =(STDEV(AD$12:AD$1000)/SQRT(AD$8-1))*SQRT(0.7099+0.1165*AI20+0.6687*AI20*AI20) -> 6.4939095 | AN20: =RANK(AQ20,AQ$12:AQ$970,1) -> 9 | AO20: =(AN20-0.5)/COUNT(AN$12:AN$970) -> 0.425 | AP20: =-LN(-LN(AO20)) -> 0.15587504 | AQ20: ='Valeurs Maximales Annuelles'!L15 -> 57.815447 | AR20: =AQ$5+AP20*AQ$4 -> 61.938254 | AS20: =1/(1-AT20) -> 1.6666667 | AT20: 0.4 | AU20: =AQ$5-AQ$4*LN(-LN(AT20)) -> 59.615055 | AV20: =-LN(-LN(AT20)) -> 0.087421572 | AW20: =AU20-AY20*1.96 -> 42.947496 | AX20: =AU20+AY20*1.96 -> 76.282614 | AY20: =(STDEV(AQ$12:AQ$1000)/SQRT(AQ$8-1))*SQRT(0.7099+0.1165*AV20+0.6687*AV20*AV20) -> 8.5038567 | BA20: =RANK(BD20,BD$12:BD$970,1) -> 9 | BB20: =(BA20-0.5)/COUNT(BA$12:BA$970) -> 0.425 | BC20: =-LN(-LN(BB20)) -> 0.15587504 | BD20: ='Valeurs Maximales Annuelles'!N15 -> 54.546707 | BE20: =BD$5+BC20*BD$4 -> 63.815013 | BF20: =1/(1-BG20) -> 1.6666667 | BG20: 0.4 | BH20: =BD$5-BD$4*LN(-LN(BG20)) -> 61.622758 | BI20: =-LN(-LN(BG20)) -> 0.087421572 | BJ20: =BH20-BL20*1.96 -> 45.894646 | BK20: =BH20+BL20*1.96 -> 77.35087 | BL20: =(STDEV(BD$12:BD$1000)/SQRT(BD$8-1))*SQRT(0.7099+0.1165*BI20+0.6687*BI20*BI20) -> 8.024547 | BN20: =RANK(BQ20,BQ$12:BQ$970,1) -> 9 | BO20: =(BN20-0.5)/COUNT(BN$12:BN$970) -> 0.425 | BP20: =-LN(-LN(BO20)) -> 0.15587504 | BQ20: ='Valeurs Maximales Annuelles'!P15 -> 60.656313 | BR20: =BQ$5+BP20*BQ$4 -> 62.036132 | BS20: =1/(1-BT20) -> 1.6666667 | BT20: 0.4 | BU20: =BQ$5-BQ$4*LN(-LN(BT20)) -> 59.735146 | BV20: =-LN(-LN(BT20)) -> 0.087421572 | BW20: =BU20-BY20*1.96 -> 43.226954 | BX20: =BU20+BY20*1.96 -> 76.243339 | BY20: =(STDEV(BQ$12:BQ$1000)/SQRT(BQ$8-1))*SQRT(0.7099+0.1165*BV20+0.6687*BV20*BV20) -> 8.4225471
A21: =RANK(D21,D$12:D$970,1) -> 10 | B21: =(A21-0.5)/COUNT(A$12:A$970) -> 0.475 | C21: =-LN(-LN(B21)) -> 0.29512238 | D21: ='Valeurs Maximales Annuelles'!F16 -> 53.786801 | E21: =D$5+C21*D$4 -> 60.535316 | F21: =1/(1-G21) -> 1.8181818 | G21: 0.45 | H21: =D$5-D$4*LN(-LN(G21)) -> 58.824346 | I21: =-LN(-LN(G21)) -> 0.22501067 | J21: =H21-L21*1.96 -> 46.475047 | K21: =H21+L21*1.96 -> 71.173644 | L21: =(STDEV(D$12:D$1000)/SQRT(D$8-1))*SQRT(0.7099+0.1165*I21+0.6687*I21*I21) -> 6.3006625 | N21: =RANK(Q21,Q$12:Q$970,1) -> 10 | O21: =(N21-0.5)/COUNT(N$12:N$970) -> 0.475 | P21: =-LN(-LN(O21)) -> 0.29512238 | Q21: ='Valeurs Maximales Annuelles'!H16 -> 55.149309 | R21: =Q$5+P21*Q$4 -> 65.07195 | S21: =1/(1-T21) -> 1.8181818 | T21: 0.45 | U21: =Q$5-Q$4*LN(-LN(T21)) -> 62.784082 | V21: =-LN(-LN(T21)) -> 0.22501067 | W21: =U21-Y21*1.96 -> 46.270902 | X21: =U21+Y21*1.96 -> 79.297263 | Y21: =(STDEV(Q$12:Q$1000)/SQRT(Q$8-1))*SQRT(0.7099+0.1165*V21+0.6687*V21*V21) -> 8.4250922 | AA21: =RANK(AD21,AD$12:AD$970,1) -> 10 | AB21: =(AA21-0.5)/COUNT(AA$12:AA$970) -> 0.475 | AC21: =-LN(-LN(AB21)) -> 0.29512238 | AD21: ='Valeurs Maximales Annuelles'!J16 -> 53.300994 | AE21: =AD$5+AC21*AD$4 -> 62.775651 | AF21: =1/(1-AG21) -> 1.8181818 | AG21: 0.45 | AH21: =AD$5-AD$4*LN(-LN(AG21)) -> 60.95858 | AI21: =-LN(-LN(AG21)) -> 0.22501067 | AJ21: =AH21-AL21*1.96 -> 47.843477 | AK21: =AH21+AL21*1.96 -> 74.073684 | AL21: =(STDEV(AD$12:AD$1000)/SQRT(AD$8-1))*SQRT(0.7099+0.1165*AI21+0.6687*AI21*AI21) -> 6.6913793 | AN21: =RANK(AQ21,AQ$12:AQ$970,1) -> 10 | AO21: =(AN21-0.5)/COUNT(AN$12:AN$970) -> 0.475 | AP21: =-LN(-LN(AO21)) -> 0.29512238 | AQ21: ='Valeurs Maximales Annuelles'!L16 -> 58.036922 | AR21: =AQ$5+AP21*AQ$4 -> 66.664083 | AS21: =1/(1-AT21) -> 1.8181818 | AT21: 0.45 | AU21: =AQ$5-AQ$4*LN(-LN(AT21)) -> 64.284605 | AV21: =-LN(-LN(AT21)) -> 0.22501067 | AW21: =AU21-AY21*1.96 -> 47.110211 | AX21: =AU21+AY21*1.96 -> 81.458999 | AY21: =(STDEV(AQ$12:AQ$1000)/SQRT(AQ$8-1))*SQRT(0.7099+0.1165*AV21+0.6687*AV21*AV21) -> 8.7624459 | BA21: =RANK(BD21,BD$12:BD$970,1) -> 10 | BB21: =(BA21-0.5)/COUNT(BA$12:BA$970) -> 0.475 | BC21: =-LN(-LN(BB21)) -> 0.29512238 | BD21: ='Valeurs Maximales Annuelles'!N16 -> 55.72396 | BE21: =BD$5+BC21*BD$4 -> 68.274476 | BF21: =1/(1-BG21) -> 1.8181818 | BG21: 0.45 | BH21: =BD$5-BD$4*LN(-LN(BG21)) -> 66.029115 | BI21: =-LN(-LN(BG21)) -> 0.22501067 | BJ21: =BH21-BL21*1.96 -> 49.822735 | BK21: =BH21+BL21*1.96 -> 82.235495 | BL21: =(STDEV(BD$12:BD$1000)/SQRT(BD$8-1))*SQRT(0.7099+0.1165*BI21+0.6687*BI21*BI21) -> 8.2685612 | BN21: =RANK(BQ21,BQ$12:BQ$970,1) -> 10 | BO21: =(BN21-0.5)/COUNT(BN$12:BN$970) -> 0.475 | BP21: =-LN(-LN(BO21)) -> 0.29512238 | BQ21: ='Valeurs Maximales Annuelles'!P16 -> 62.855809 | BR21: =BQ$5+BP21*BQ$4 -> 66.716775 | BS21: =1/(1-BT21) -> 1.8181818 | BT21: 0.45 | BU21: =BQ$5-BQ$4*LN(-LN(BT21)) -> 64.360049 | BV21: =-LN(-LN(BT21)) -> 0.22501067 | BW21: =BU21-BY21*1.96 -> 47.349868 | BX21: =BU21+BY21*1.96 -> 81.37023 | BY21: =(STDEV(BQ$12:BQ$1000)/SQRT(BQ$8-1))*SQRT(0.7099+0.1165*BV21+0.6687*BV21*BV21) -> 8.6786639
A22: =RANK(D22,D$12:D$970,1) -> 11 | B22: =(A22-0.5)/COUNT(A$12:A$970) -> 0.525 | C22: =-LN(-LN(B22)) -> 0.43950233 | D22: ='Valeurs Maximales Annuelles'!F17 -> 55.202284 | E22: =D$5+C22*D$4 -> 64.05869 | F22: =1/(1-G22) -> 2 | G22: 0.5 | H22: =D$5-D$4*LN(-LN(G22)) -> 62.277494 | I22: =-LN(-LN(G22)) -> 0.36651292 | J22: =H22-L22*1.96 -> 49.360204 | K22: =H22+L22*1.96 -> 75.194784 | L22: =(STDEV(D$12:D$1000)/SQRT(D$8-1))*SQRT(0.7099+0.1165*I22+0.6687*I22*I22) -> 6.5904539 | N22: =RANK(Q22,Q$12:Q$970,1) -> 11 | O22: =(N22-0.5)/COUNT(N$12:N$970) -> 0.525 | P22: =-LN(-LN(O22)) -> 0.43950233 | Q22: ='Valeurs Maximales Annuelles'!H17 -> 58.186632 | R22: =Q$5+P22*Q$4 -> 69.78332 | S22: =1/(1-T22) -> 2 | T22: 0.5 | U22: =Q$5-Q$4*LN(-LN(T22)) -> 67.401548 | V22: =-LN(-LN(T22)) -> 0.36651292 | W22: =U22-Y22*1.96 -> 50.128864 | X22: =U22+Y22*1.96 -> 84.674233 | Y22: =(STDEV(Q$12:Q$1000)/SQRT(Q$8-1))*SQRT(0.7099+0.1165*V22+0.6687*V22*V22) -> 8.8125942 | AA22: =RANK(AD22,AD$12:AD$970,1) -> 11 | AB22: =(AA22-0.5)/COUNT(AA$12:AA$970) -> 0.525 | AC22: =-LN(-LN(AB22)) -> 0.43950233 | AD22: ='Valeurs Maximales Annuelles'!J17 -> 58.509511 | AE22: =AD$5+AC22*AD$4 -> 66.517517 | AF22: =1/(1-AG22) -> 2 | AG22: 0.5 | AH22: =AD$5-AD$4*LN(-LN(AG22)) -> 64.625865 | AI22: =-LN(-LN(AG22)) -> 0.36651292 | AJ22: =AH22-AL22*1.96 -> 50.907548 | AK22: =AH22+AL22*1.96 -> 78.344182 | AL22: =(STDEV(AD$12:AD$1000)/SQRT(AD$8-1))*SQRT(0.7099+0.1165*AI22+0.6687*AI22*AI22) -> 6.9991412 | AN22: =RANK(AQ22,AQ$12:AQ$970,1) -> 11 | AO22: =(AN22-0.5)/COUNT(AN$12:AN$970) -> 0.525 | AP22: =-LN(-LN(AO22)) -> 0.43950233 | AQ22: ='Valeurs Maximales Annuelles'!L17 -> 63.557696 | AR22: =AQ$5+AP22*AQ$4 -> 71.564104 | AS22: =1/(1-AT22) -> 2 | AT22: 0.5 | AU22: =AQ$5-AQ$4*LN(-LN(AT22)) -> 69.086962 | AV22: =-LN(-LN(AT22)) -> 0.36651292 | AW22: =AU22-AY22*1.96 -> 51.122652 | AX22: =AU22+AY22*1.96 -> 87.051271 | AY22: =(STDEV(AQ$12:AQ$1000)/SQRT(AQ$8-1))*SQRT(0.7099+0.1165*AV22+0.6687*AV22*AV22) -> 9.165464 | BA22: =RANK(BD22,BD$12:BD$970,1) -> 11 | BB22: =(BA22-0.5)/COUNT(BA$12:BA$970) -> 0.525 | BC22: =-LN(-LN(BB22)) -> 0.43950233 | BD22: ='Valeurs Maximales Annuelles'!N17 -> 65.458561 | BE22: =BD$5+BC22*BD$4 -> 72.898313 | BF22: =1/(1-BG22) -> 2 | BG22: 0.5 | BH22: =BD$5-BD$4*LN(-LN(BG22)) -> 70.560792 | BI22: =-LN(-LN(BG22)) -> 0.36651292 | BJ22: =BH22-BL22*1.96 -> 53.609019 | BK22: =BH22+BL22*1.96 -> 87.512565 | BL22: =(STDEV(BD$12:BD$1000)/SQRT(BD$8-1))*SQRT(0.7099+0.1165*BI22+0.6687*BI22*BI22) -> 8.6488637 | BN22: =RANK(BQ22,BQ$12:BQ$970,1) -> 11 | BO22: =(BN22-0.5)/COUNT(BN$12:BN$970) -> 0.525 | BP22: =-LN(-LN(BO22)) -> 0.43950233 | BQ22: ='Valeurs Maximales Annuelles'!P17 -> 64.492448 | BR22: =BQ$5+BP22*BQ$4 -> 71.569944 | BS22: =1/(1-BT22) -> 2 | BT22: 0.5 | BU22: =BQ$5-BQ$4*LN(-LN(BT22)) -> 69.116487 | BV22: =-LN(-LN(BT22)) -> 0.36651292 | BW22: =BU22-BY22*1.96 -> 51.323943 | BX22: =BU22+BY22*1.96 -> 86.909031 | BY22: =(STDEV(BQ$12:BQ$1000)/SQRT(BQ$8-1))*SQRT(0.7099+0.1165*BV22+0.6687*BV22*BV22) -> 9.0778285
A23: =RANK(D23,D$12:D$970,1) -> 12 | B23: =(A23-0.5)/COUNT(A$12:A$970) -> 0.575 | C23: =-LN(-LN(B23)) -> 0.59170089 | D23: ='Valeurs Maximales Annuelles'!F18 -> 68.347725 | E23: =D$5+C23*D$4 -> 67.772866 | F23: =1/(1-G23) -> 2.2222222 | G23: 0.55 | H23: =D$5-D$4*LN(-LN(G23)) -> 65.887361 | I23: =-LN(-LN(G23)) -> 0.51443714 | J23: =H23-L23*1.96 -> 52.193225 | K23: =H23+L23*1.96 -> 79.581497 | L23: =(STDEV(D$12:D$1000)/SQRT(D$8-1))*SQRT(0.7099+0.1165*I23+0.6687*I23*I23) -> 6.9868041 | N23: =RANK(Q23,Q$12:Q$970,1) -> 12 | O23: =(N23-0.5)/COUNT(N$12:N$970) -> 0.575 | P23: =-LN(-LN(O23)) -> 0.59170089 | Q23: ='Valeurs Maximales Annuelles'!H18 -> 58.467666 | R23: =Q$5+P23*Q$4 -> 74.749825 | S23: =1/(1-T23) -> 2.2222222 | T23: 0.55 | U23: =Q$5-Q$4*LN(-LN(T23)) -> 72.228574 | V23: =-LN(-LN(T23)) -> 0.51443714 | W23: =U23-Y23*1.96 -> 53.917109 | X23: =U23+Y23*1.96 -> 90.540039 | Y23: =(STDEV(Q$12:Q$1000)/SQRT(Q$8-1))*SQRT(0.7099+0.1165*V23+0.6687*V23*V23) -> 9.342584 | AA23: =RANK(AD23,AD$12:AD$970,1) -> 12 | AB23: =(AA23-0.5)/COUNT(AA$12:AA$970) -> 0.575 | AC23: =-LN(-LN(AB23)) -> 0.59170089 | AD23: ='Valeurs Maximales Annuelles'!J18 -> 60.713037 | AE23: =AD$5+AC23*AD$4 -> 70.462016 | AF23: =1/(1-AG23) -> 2.2222222 | AG23: 0.55 | AH23: =AD$5-AD$4*LN(-LN(AG23)) -> 68.459587 | AI23: =-LN(-LN(AG23)) -> 0.51443714 | AJ23: =AH23-AL23*1.96 -> 53.91625 | AK23: =AH23+AL23*1.96 -> 83.002924 | AL23: =(STDEV(AD$12:AD$1000)/SQRT(AD$8-1))*SQRT(0.7099+0.1165*AI23+0.6687*AI23*AI23) -> 7.4200699 | AN23: =RANK(AQ23,AQ$12:AQ$970,1) -> 12 | AO23: =(AN23-0.5)/COUNT(AN$12:AN$970) -> 0.575 | AP23: =-LN(-LN(AO23)) -> 0.59170089 | AQ23: ='Valeurs Maximales Annuelles'!L18 -> 64.341592 | AR23: =AQ$5+AP23*AQ$4 -> 76.729475 | AS23: =1/(1-AT23) -> 2.2222222 | AT23: 0.55 | AU23: =AQ$5-AQ$4*LN(-LN(AT23)) -> 74.107269 | AV23: =-LN(-LN(AT23)) -> 0.51443714 | AW23: =AU23-AY23*1.96 -> 55.062585 | AX23: =AU23+AY23*1.96 -> 93.151953 | AY23: =(STDEV(AQ$12:AQ$1000)/SQRT(AQ$8-1))*SQRT(0.7099+0.1165*AV23+0.6687*AV23*AV23) -> 9.7166755 | BA23: =RANK(BD23,BD$12:BD$970,1) -> 12 | BB23: =(BA23-0.5)/COUNT(BA$12:BA$970) -> 0.575 | BC23: =-LN(-LN(BB23)) -> 0.59170089 | BD23: ='Valeurs Maximales Annuelles'!N18 -> 69.16986 | BE23: =BD$5+BC23*BD$4 -> 77.772545 | BF23: =1/(1-BG23) -> 2.2222222 | BG23: 0.55 | BH23: =BD$5-BD$4*LN(-LN(BG23)) -> 75.298136 | BI23: =-LN(-LN(BG23)) -> 0.51443714 | BJ23: =BH23-BL23*1.96 -> 57.326883 | BK23: =BH23+BL23*1.96 -> 93.269389 | BL23: =(STDEV(BD$12:BD$1000)/SQRT(BD$8-1))*SQRT(0.7099+0.1165*BI23+0.6687*BI23*BI23) -> 9.1690068 | BN23: =RANK(BQ23,BQ$12:BQ$970,1) -> 12 | BO23: =(BN23-0.5)/COUNT(BN$12:BN$970) -> 0.575 | BP23: =-LN(-LN(BO23)) -> 0.59170089 | BQ23: ='Valeurs Maximales Annuelles'!P18 -> 64.768308 | BR23: =BQ$5+BP23*BQ$4 -> 76.685927 | BS23: =1/(1-BT23) -> 2.2222222 | BT23: 0.55 | BU23: =BQ$5-BQ$4*LN(-LN(BT23)) -> 74.088793 | BV23: =-LN(-LN(BT23)) -> 0.51443714 | BW23: =BU23-BY23*1.96 -> 55.226205 | BX23: =BU23+BY23*1.96 -> 92.951381 | BY23: =(STDEV(BQ$12:BQ$1000)/SQRT(BQ$8-1))*SQRT(0.7099+0.1165*BV23+0.6687*BV23*BV23) -> 9.6237696
... A31: =RANK(D31,D$12:D$970,1) -> 20 | B31: =(A31-0.5)/COUNT(A$12:A$970) -> 0.975 | C31: =-LN(-LN(B31)) -> 3.6762473 | D31: ='Valeurs Maximales Annuelles'!F26 -> 145.2444 | E31: =D$5+C31*D$4 -> 143.04656 | F31: =1/(1-G31) -> 20 | G31: 0.95 | H31: =D$5-D$4*LN(-LN(G31)) -> 125.81642 | I31: =-LN(-LN(G31)) -> 2.9701952 | J31: =H31-L31*1.96 -> 88.700399 | K31: =H31+L31*1.96 -> 162.93245 | L31: =(STDEV(D$12:D$1000)/SQRT(D$8-1))*SQRT(0.7099+0.1165*I31+0.6687*I31*I31) -> 18.936747 | N31: =RANK(Q31,Q$12:Q$970,1) -> 20 | O31: =(N31-0.5)/COUNT(N$12:N$970) -> 0.975 | P31: =-LN(-LN(O31)) -> 3.6762473 | Q31: ='Valeurs Maximales Annuelles'!H26 -> 180.25959 | R31: =Q$5+P31*Q$4 -> 175.40397 | S31: =1/(1-T31) -> 20 | T31: 0.95 | U31: =Q$5-Q$4*LN(-LN(T31)) -> 152.36426 | V31: =-LN(-LN(T31)) -> 2.9701952 | W31: =U31-Y31*1.96 -> 102.73361 | X31: =U31+Y31*1.96 -> 201.9949 | Y31: =(STDEV(Q$12:Q$1000)/SQRT(Q$8-1))*SQRT(0.7099+0.1165*V31+0.6687*V31*V31) -> 25.321756 | AA31: =RANK(AD31,AD$12:AD$970,1) -> 20 | AB31: =(AA31-0.5)/COUNT(AA$12:AA$970) -> 0.975 | AC31: =-LN(-LN(AB31)) -> 3.6762473 | AD31: ='Valeurs Maximales Annuelles'!J26 -> 148.15862 | AE31: =AD$5+AC31*AD$4 -> 150.40358 | AF31: =1/(1-AG31) -> 20 | AG31: 0.95 | AH31: =AD$5-AD$4*LN(-LN(AG31)) -> 132.10497 | AI31: =-LN(-LN(AG31)) -> 2.9701952 | AJ31: =AH31-AL31*1.96 -> 92.687308 | AK31: =AH31+AL31*1.96 -> 171.52264 | AL31: =(STDEV(AD$12:AD$1000)/SQRT(AD$8-1))*SQRT(0.7099+0.1165*AI31+0.6687*AI31*AI31) -> 20.111053 | AN31: =RANK(AQ31,AQ$12:AQ$970,1) -> 20 | AO31: =(AN31-0.5)/COUNT(AN$12:AN$970) -> 0.975 | AP31: =-LN(-LN(AO31)) -> 3.6762473 | AQ31: ='Valeurs Maximales Annuelles'!L26 -> 178.83379 | AR31: =AQ$5+AP31*AQ$4 -> 181.41396 | AS31: =1/(1-AT31) -> 20 | AT31: 0.95 | AU31: =AQ$5-AQ$4*LN(-LN(AT31)) -> 157.45171 | AV31: =-LN(-LN(AT31)) -> 2.9701952 | AW31: =AU31-AY31*1.96 -> 105.83378 | AX31: =AU31+AY31*1.96 -> 209.06964 | AY31: =(STDEV(AQ$12:AQ$1000)/SQRT(AQ$8-1))*SQRT(0.7099+0.1165*AV31+0.6687*AV31*AV31) -> 26.335679 | BA31: =RANK(BD31,BD$12:BD$970,1) -> 20 | BB31: =(BA31-0.5)/COUNT(BA$12:BA$970) -> 0.975 | BC31: =-LN(-LN(BB31)) -> 3.6762473 | BD31: ='Valeurs Maximales Annuelles'!N26 -> 180.25959 | BE31: =BD$5+BC31*BD$4 -> 176.55662 | BF31: =1/(1-BG31) -> 20 | BG31: 0.95 | BH31: =BD$5-BD$4*LN(-LN(BG31)) -> 153.94496 | BI31: =-LN(-LN(BG31)) -> 2.9701952 | BJ31: =BH31-BL31*1.96 -> 105.23642 | BK31: =BH31+BL31*1.96 -> 202.65351 | BL31: =(STDEV(BD$12:BD$1000)/SQRT(BD$8-1))*SQRT(0.7099+0.1165*BI31+0.6687*BI31*BI31) -> 24.8513 | BN31: =RANK(BQ31,BQ$12:BQ$970,1) -> 20 | BO31: =(BN31-0.5)/COUNT(BN$12:BN$970) -> 0.975 | BP31: =-LN(-LN(BO31)) -> 3.6762473 | BQ31: ='Valeurs Maximales Annuelles'!P26 -> 180.25959 | BR31: =BQ$5+BP31*BQ$4 -> 180.36948 | BS31: =1/(1-BT31) -> 20 | BT31: 0.95 | BU31: =BQ$5-BQ$4*LN(-LN(BT31)) -> 156.63633 | BV31: =-LN(-LN(BT31)) -> 2.9701952 | BW31: =BU31-BY31*1.96 -> 105.51195 | BX31: =BU31+BY31*1.96 -> 207.76072 | BY31: =(STDEV(BQ$12:BQ$1000)/SQRT(BQ$8-1))*SQRT(0.7099+0.1165*BV31+0.6687*BV31*BV31) -> 26.08387
A32: =RANK(D32,D$12:D$970,1) -> #N/A | E32: =D$5+C32*D$4 -> 53.3333 | F32: =1/(1-G32) -> 29.9994 | G32: 0.966666 | H32: =D$5-D$4*LN(-LN(G32)) -> 135.92139 | I32: =-LN(-LN(G32)) -> 3.3842742 | J32: =H32-L32*1.96 -> 94.260195 | K32: =H32+L32*1.96 -> 177.58259 | L32: =(STDEV(D$12:D$1000)/SQRT(D$8-1))*SQRT(0.7099+0.1165*I32+0.6687*I32*I32) -> 21.255714 | N32: =RANK(Q32,Q$12:Q$970,1) -> #N/A | R32: =Q$5+P32*Q$4 -> 55.441591 | S32: =1/(1-T32) -> 29.9994 | T32: 0.966666 | U32: =Q$5-Q$4*LN(-LN(T32)) -> 165.87637 | V32: =-LN(-LN(T32)) -> 3.3842742 | W32: =U32-Y32*1.96 -> 110.16804 | X32: =U32+Y32*1.96 -> 221.58471 | Y32: =(STDEV(Q$12:Q$1000)/SQRT(Q$8-1))*SQRT(0.7099+0.1165*V32+0.6687*V32*V32) -> 28.422622 | AE32: =AD$5+AC32*AD$4 -> 55.127024 | AF32: =1/(1-AG32) -> 29.9994 | AG32: 0.966666 | AH32: =AD$5-AD$4*LN(-LN(AG32)) -> 142.83657 | AI32: =-LN(-LN(AG32)) -> 3.3842742 | AJ32: =AH32-AL32*1.96 -> 98.591878 | AK32: =AH32+AL32*1.96 -> 187.08126 | AL32: =(STDEV(AD$12:AD$1000)/SQRT(AD$8-1))*SQRT(0.7099+0.1165*AI32+0.6687*AI32*AI32) -> 22.573823 | AR32: =AQ$5+AP32*AQ$4 -> 56.648109 | AS32: =1/(1-AT32) -> 29.9994 | AT32: 0.966666 | AU32: =AQ$5-AQ$4*LN(-LN(AT32)) -> 171.50487 | AV32: =-LN(-LN(AT32)) -> 3.3842742 | AW32: =AU32-AY32*1.96 -> 113.56588 | AX32: =AU32+AY32*1.96 -> 229.44386 | AY32: =(STDEV(AQ$12:AQ$1000)/SQRT(AQ$8-1))*SQRT(0.7099+0.1165*AV32+0.6687*AV32*AV32) -> 29.560707 | BE32: =BD$5+BC32*BD$4 -> 58.823041 | BF32: =1/(1-BG32) -> 29.9994 | BG32: 0.966666 | BH32: =BD$5-BD$4*LN(-LN(BG32)) -> 167.20604 | BI32: =-LN(-LN(BG32)) -> 3.3842742 | BJ32: =BH32-BL32*1.96 -> 112.53271 | BK32: =BH32+BL32*1.96 -> 221.87936 | BL32: =(STDEV(BD$12:BD$1000)/SQRT(BD$8-1))*SQRT(0.7099+0.1165*BI32+0.6687*BI32*BI32) -> 27.894554 | BR32: =BQ$5+BP32*BQ$4 -> 56.796569 | BS32: =1/(1-BT32) -> 29.9994 | BT32: 0.966666 | BU32: =BQ$5-BQ$4*LN(-LN(BT32)) -> 170.55513 | BV32: =-LN(-LN(BT32)) -> 3.3842742 | BW32: =BU32-BY32*1.96 -> 113.17013 | BX32: =BU32+BY32*1.96 -> 227.94013 | BY32: =(STDEV(BQ$12:BQ$1000)/SQRT(BQ$8-1))*SQRT(0.7099+0.1165*BV32+0.6687*BV32*BV32) -> 29.278063
A33: =RANK(D33,D$12:D$970,1) -> #N/A | E33: =D$5+C33*D$4 -> 53.3333 | F33: =1/(1-G33) -> 50 | G33: 0.98 | H33: =D$5-D$4*LN(-LN(G33)) -> 148.55421 | I33: =-LN(-LN(G33)) -> 3.9019387 | J33: =H33-L33*1.96 -> 101.14993 | K33: =H33+L33*1.96 -> 195.95849 | L33: =(STDEV(D$12:D$1000)/SQRT(D$8-1))*SQRT(0.7099+0.1165*I33+0.6687*I33*I33) -> 24.185858 | N33: =RANK(Q33,Q$12:Q$970,1) -> #N/A | R33: =Q$5+P33*Q$4 -> 55.441591 | S33: =1/(1-T33) -> 50 | T33: 0.98 | U33: =Q$5-Q$4*LN(-LN(T33)) -> 182.76867 | V33: =-LN(-LN(T33)) -> 3.9019387 | W33: =U33-Y33*1.96 -> 119.38082 | X33: =U33+Y33*1.96 -> 246.15652 | Y33: =(STDEV(Q$12:Q$1000)/SQRT(Q$8-1))*SQRT(0.7099+0.1165*V33+0.6687*V33*V33) -> 32.340739 | AE33: =AD$5+AC33*AD$4 -> 55.127024 | AF33: =1/(1-AG33) -> 50 | AG33: 0.98 | AH33: =AD$5-AD$4*LN(-LN(AG33)) -> 156.25278 | AI33: =-LN(-LN(AG33)) -> 3.9019387 | AJ33: =AH33-AL33*1.96 -> 105.90886 | AK33: =AH33+AL33*1.96 -> 206.59669 | AL33: =(STDEV(AD$12:AD$1000)/SQRT(AD$8-1))*SQRT(0.7099+0.1165*AI33+0.6687*AI33*AI33) -> 25.685672 | AR33: =AQ$5+AP33*AQ$4 -> 56.648109 | AS33: =1/(1-AT33) -> 50 | AT33: 0.98 | AU33: =AQ$5-AQ$4*LN(-LN(AT33)) -> 189.07356 | AV33: =-LN(-LN(AT33)) -> 3.9019387 | AW33: =AU33-AY33*1.96 -> 123.14757 | AX33: =AU33+AY33*1.96 -> 254.99956 | AY33: =(STDEV(AQ$12:AQ$1000)/SQRT(AQ$8-1))*SQRT(0.7099+0.1165*AV33+0.6687*AV33*AV33) -> 33.635712 | BE33: =BD$5+BC33*BD$4 -> 58.823041 | BF33: =1/(1-BG33) -> 50 | BG33: 0.98 | BH33: =BD$5-BD$4*LN(-LN(BG33)) -> 183.78449 | BI33: =-LN(-LN(BG33)) -> 3.9019387 | BJ33: =BH33-BL33*1.96 -> 121.57434 | BK33: =BH33+BL33*1.96 -> 245.99465 | BL33: =(STDEV(BD$12:BD$1000)/SQRT(BD$8-1))*SQRT(0.7099+0.1165*BI33+0.6687*BI33*BI33) -> 31.739876 | BR33: =BQ$5+BP33*BQ$4 -> 56.796569 | BS33: =1/(1-BT33) -> 50 | BT33: 0.98 | BU33: =BQ$5-BQ$4*LN(-LN(BT33)) -> 187.95584 | BV33: =-LN(-LN(BT33)) -> 3.9019387 | BW33: =BU33-BY33*1.96 -> 122.66019 | BX33: =BU33+BY33*1.96 -> 253.25148 | BY33: =(STDEV(BQ$12:BQ$1000)/SQRT(BQ$8-1))*SQRT(0.7099+0.1165*BV33+0.6687*BV33*BV33) -> 33.314105
A34: =RANK(D34,D$12:D$970,1) -> #N/A | E34: =D$5+C34*D$4 -> 53.3333 | F34: =1/(1-G34) -> 100 | G34: 0.99 | H34: =D$5-D$4*LN(-LN(G34)) -> 165.59299 | I34: =-LN(-LN(G34)) -> 4.6001492 | J34: =H34-L34*1.96 -> 110.37057 | K34: =H34+L34*1.96 -> 220.8154 | L34: =(STDEV(D$12:D$1000)/SQRT(D$8-1))*SQRT(0.7099+0.1165*I34+0.6687*I34*I34) -> 28.174702 | N34: =RANK(Q34,Q$12:Q$970,1) -> #N/A | R34: =Q$5+P34*Q$4 -> 55.441591 | S34: =1/(1-T34) -> 100 | T34: 0.99 | U34: =Q$5-Q$4*LN(-LN(T34)) -> 205.5525 | V34: =-LN(-LN(T34)) -> 4.6001492 | W34: =U34-Y34*1.96 -> 131.71044 | X34: =U34+Y34*1.96 -> 279.39457 | Y34: =(STDEV(Q$12:Q$1000)/SQRT(Q$8-1))*SQRT(0.7099+0.1165*V34+0.6687*V34*V34) -> 37.674524 | AE34: =AD$5+AC34*AD$4 -> 55.127024 | AF34: =1/(1-AG34) -> 100 | AG34: 0.99 | AH34: =AD$5-AD$4*LN(-LN(AG34)) -> 174.34816 | AI34: =-LN(-LN(AG34)) -> 4.6001492 | AJ34: =AH34-AL34*1.96 -> 115.70129 | AK34: =AH34+AL34*1.96 -> 232.99503 | AL34: =(STDEV(AD$12:AD$1000)/SQRT(AD$8-1))*SQRT(0.7099+0.1165*AI34+0.6687*AI34*AI34) -> 29.921872 | AR34: =AQ$5+AP34*AQ$4 -> 56.648109 | AS34: =1/(1-AT34) -> 100 | AT34: 0.99 | AU34: =AQ$5-AQ$4*LN(-LN(AT34)) -> 212.76969 | AV34: =-LN(-LN(AT34)) -> 4.6001492 | AW34: =AU34-AY34*1.96 -> 135.97088 | AX34: =AU34+AY34*1.96 -> 289.56851 | AY34: =(STDEV(AQ$12:AQ$1000)/SQRT(AQ$8-1))*SQRT(0.7099+0.1165*AV34+0.6687*AV34*AV34) -> 39.18307 | BE34: =BD$5+BC34*BD$4 -> 58.823041 | BF34: =1/(1-BG34) -> 100 | BG34: 0.99 | BH34: =BD$5-BD$4*LN(-LN(BG34)) -> 206.14502 | BI34: =-LN(-LN(BG34)) -> 4.6001492 | BJ34: =BH34-BL34*1.96 -> 133.67488 | BK34: =BH34+BL34*1.96 -> 278.61516 | BL34: =(STDEV(BD$12:BD$1000)/SQRT(BD$8-1))*SQRT(0.7099+0.1165*BI34+0.6687*BI34*BI34) -> 36.974563 | BR34: =BQ$5+BP34*BQ$4 -> 56.796569 | BS34: =1/(1-BT34) -> 100 | BT34: 0.99 | BU34: =BQ$5-BQ$4*LN(-LN(BT34)) -> 211.4254 | BV34: =-LN(-LN(BT34)) -> 4.6001492 | BW34: =BU34-BY34*1.96 -> 135.36089 | BX34: =BU34+BY34*1.96 -> 287.4899 | BY34: =(STDEV(BQ$12:BQ$1000)/SQRT(BQ$8-1))*SQRT(0.7099+0.1165*BV34+0.6687*BV34*BV34) -> 38.808421
A35: =RANK(D35,D$12:D$970,1) -> #N/A | E35: =D$5+C35*D$4 -> 53.3333 | F35: =1/(1-G35) -> 200 | G35: 0.995 | H35: =D$5-D$4*LN(-LN(G35)) -> 182.56959 | I35: =-LN(-LN(G35)) -> 5.2958121 | J35: =H35-L35*1.96 -> 119.50322 | K35: =H35+L35*1.96 -> 245.63595 | L35: =(STDEV(D$12:D$1000)/SQRT(D$8-1))*SQRT(0.7099+0.1165*I35+0.6687*I35*I35) -> 32.176716 | N35: =RANK(Q35,Q$12:Q$970,1) -> #N/A | R35: =Q$5+P35*Q$4 -> 55.441591 | S35: =1/(1-T35) -> 200 | T35: 0.995 | U35: =Q$5-Q$4*LN(-LN(T35)) -> 228.2532 | V35: =-LN(-LN(T35)) -> 5.2958121 | W35: =U35-Y35*1.96 -> 143.9224 | X35: =U35+Y35*1.96 -> 312.584 | Y35: =(STDEV(Q$12:Q$1000)/SQRT(Q$8-1))*SQRT(0.7099+0.1165*V35+0.6687*V35*V35) -> 43.02592 | AE35: =AD$5+AC35*AD$4 -> 55.127024 | AF35: =1/(1-AG35) -> 200 | AG35: 0.995 | AH35: =AD$5-AD$4*LN(-LN(AG35)) -> 192.37751 | AI35: =-LN(-LN(AG35)) -> 5.2958121 | AJ35: =AH35-AL35*1.96 -> 125.40028 | AK35: =AH35+AL35*1.96 -> 259.35475 | AL35: =(STDEV(AD$12:AD$1000)/SQRT(AD$8-1))*SQRT(0.7099+0.1165*AI35+0.6687*AI35*AI35) -> 34.172059 | AR35: =AQ$5+AP35*AQ$4 -> 56.648109 | AS35: =1/(1-AT35) -> 200 | AT35: 0.995 | AU35: =AQ$5-AQ$4*LN(-LN(AT35)) -> 236.37936 | AV35: =-LN(-LN(AT35)) -> 5.2958121 | AW35: =AU35-AY35*1.96 -> 148.67182 | AX35: =AU35+AY35*1.96 -> 324.0869 | AY35: =(STDEV(AQ$12:AQ$1000)/SQRT(AQ$8-1))*SQRT(0.7099+0.1165*AV35+0.6687*AV35*AV35) -> 44.748744 | BE35: =BD$5+BC35*BD$4 -> 58.823041 | BF35: =1/(1-BG35) -> 200 | BG35: 0.995 | BH35: =BD$5-BD$4*LN(-LN(BG35)) -> 228.42396 | BI35: =-LN(-LN(BG35)) -> 5.2958121 | BJ35: =BH35-BL35*1.96 -> 145.65995 | BK35: =BH35+BL35*1.96 -> 311.18797 | BL35: =(STDEV(BD$12:BD$1000)/SQRT(BD$8-1))*SQRT(0.7099+0.1165*BI35+0.6687*BI35*BI35) -> 42.226535 | BR35: =BQ$5+BP35*BQ$4 -> 56.796569 | BS35: =1/(1-BT35) -> 200 | BT35: 0.995 | BU35: =BQ$5-BQ$4*LN(-LN(BT35)) -> 234.80932 | BV35: =-LN(-LN(BT35)) -> 5.2958121 | BW35: =BU35-BY35*1.96 -> 147.9404 | BX35: =BU35+BY35*1.96 -> 321.67825 | BY35: =(STDEV(BQ$12:BQ$1000)/SQRT(BQ$8-1))*SQRT(0.7099+0.1165*BV35+0.6687*BV35*BV35) -> 44.320879
A36: =RANK(D36,D$12:D$970,1) -> #N/A | E36: =D$5+C36*D$4 -> 53.3333 | F36: =1/(1-G36) -> 1000 | G36: 0.999 | H36: =D$5-D$4*LN(-LN(G36)) -> 221.89442 | I36: =-LN(-LN(G36)) -> 6.9072551 | J36: =H36-L36*1.96 -> 140.53681 | K36: =H36+L36*1.96 -> 303.25202 | L36: =(STDEV(D$12:D$1000)/SQRT(D$8-1))*SQRT(0.7099+0.1165*I36+0.6687*I36*I36) -> 41.508983 | N36: =RANK(Q36,Q$12:Q$970,1) -> #N/A | R36: =Q$5+P36*Q$4 -> 55.441591 | S36: =1/(1-T36) -> 1000 | T36: 0.999 | U36: =Q$5-Q$4*LN(-LN(T36)) -> 280.8374 | V36: =-LN(-LN(T36)) -> 6.9072551 | W36: =U36-Y36*1.96 -> 172.04799 | X36: =U36+Y36*1.96 -> 389.62681 | Y36: =(STDEV(Q$12:Q$1000)/SQRT(Q$8-1))*SQRT(0.7099+0.1165*V36+0.6687*V36*V36) -> 55.5048 | AE36: =AD$5+AC36*AD$4 -> 55.127024 | AF36: =1/(1-AG36) -> 1000 | AG36: 0.999 | AH36: =AD$5-AD$4*LN(-LN(AG36)) -> 234.14095 | AI36: =-LN(-LN(AG36)) -> 6.9072551 | AJ36: =AH36-AL36*1.96 -> 147.7382 | AK36: =AH36+AL36*1.96 -> 320.54371 | AL36: =(STDEV(AD$12:AD$1000)/SQRT(AD$8-1))*SQRT(0.7099+0.1165*AI36+0.6687*AI36*AI36) -> 44.083039 | AR36: =AQ$5+AP36*AQ$4 -> 56.648109 | AS36: =1/(1-AT36) -> 1000 | AT36: 0.999 | AU36: =AQ$5-AQ$4*LN(-LN(AT36)) -> 291.06912 | AV36: =-LN(-LN(AT36)) -> 6.9072551 | AW36: =AU36-AY36*1.96 -> 177.92361 | AX36: =AU36+AY36*1.96 -> 404.21462 | AY36: =(STDEV(AQ$12:AQ$1000)/SQRT(AQ$8-1))*SQRT(0.7099+0.1165*AV36+0.6687*AV36*AV36) -> 57.727297 | BE36: =BD$5+BC36*BD$4 -> 58.823041 | BF36: =1/(1-BG36) -> 1000 | BG36: 0.999 | BH36: =BD$5-BD$4*LN(-LN(BG36)) -> 280.03119 | BI36: =-LN(-LN(BG36)) -> 6.9072551 | BJ36: =BH36-BL36*1.96 -> 173.263 | BK36: =BH36+BL36*1.96 -> 386.79938 | BL36: =(STDEV(BD$12:BD$1000)/SQRT(BD$8-1))*SQRT(0.7099+0.1165*BI36+0.6687*BI36*BI36) -> 54.473568 | BR36: =BQ$5+BP36*BQ$4 -> 56.796569 | BS36: =1/(1-BT36) -> 1000 | BT36: 0.999 | BU36: =BQ$5-BQ$4*LN(-LN(BT36)) -> 288.97616 | BV36: =-LN(-LN(BT36)) -> 6.9072551 | BW36: =BU36-BY36*1.96 -> 176.9125 | BX36: =BU36+BY36*1.96 -> 401.03982 | BY36: =(STDEV(BQ$12:BQ$1000)/SQRT(BQ$8-1))*SQRT(0.7099+0.1165*BV36+0.6687*BV36*BV36) -> 57.175338
A37: =RANK(D37,D$12:D$970,1) -> #N/A | E37: =D$5+C37*D$4 -> 53.3333 | F37: =1/(1-G37) -> 1111.1111 | G37: 0.9991 | H37: =D$5-D$4*LN(-LN(G37)) -> 224.4668 | I37: =-LN(-LN(G37)) -> 7.0126656 | J37: =H37-L37*1.96 -> 141.90874 | K37: =H37+L37*1.96 -> 307.02486 | L37: =(STDEV(D$12:D$1000)/SQRT(D$8-1))*SQRT(0.7099+0.1165*I37+0.6687*I37*I37) -> 42.121458 | N37: =RANK(Q37,Q$12:Q$970,1) -> #N/A | R37: =Q$5+P37*Q$4 -> 55.441591 | S37: =1/(1-T37) -> 1111.1111 | T37: 0.9991 | U37: =Q$5-Q$4*LN(-LN(T37)) -> 284.27713 | V37: =-LN(-LN(T37)) -> 7.0126656 | W37: =U37-Y37*1.96 -> 173.88251 | X37: =U37+Y37*1.96 -> 394.67175 | Y37: =(STDEV(Q$12:Q$1000)/SQRT(Q$8-1))*SQRT(0.7099+0.1165*V37+0.6687*V37*V37) -> 56.323786 | AE37: =AD$5+AC37*AD$4 -> 55.127024 | AF37: =1/(1-AG37) -> 1111.1111 | AG37: 0.9991 | AH37: =AD$5-AD$4*LN(-LN(AG37)) -> 236.87286 | AI37: =-LN(-LN(AG37)) -> 7.0126656 | AJ37: =AH37-AL37*1.96 -> 149.19521 | AK37: =AH37+AL37*1.96 -> 324.55051 | AL37: =(STDEV(AD$12:AD$1000)/SQRT(AD$8-1))*SQRT(0.7099+0.1165*AI37+0.6687*AI37*AI37) -> 44.733494 | AR37: =AQ$5+AP37*AQ$4 -> 56.648109 | AS37: =1/(1-AT37) -> 1111.1111 | AT37: 0.9991 | AU37: =AQ$5-AQ$4*LN(-LN(AT37)) -> 294.64658 | AV37: =-LN(-LN(AT37)) -> 7.0126656 | AW37: =AU37-AY37*1.96 -> 179.83159 | AX37: =AU37+AY37*1.96 -> 409.46157 | AY37: =(STDEV(AQ$12:AQ$1000)/SQRT(AQ$8-1))*SQRT(0.7099+0.1165*AV37+0.6687*AV37*AV37) -> 58.579077 | BE37: =BD$5+BC37*BD$4 -> 58.823041 | BF37: =1/(1-BG37) -> 1111.1111 | BG37: 0.9991 | BH37: =BD$5-BD$4*LN(-LN(BG37)) -> 283.40701 | BI37: =-LN(-LN(BG37)) -> 7.0126656 | BJ37: =BH37-BL37*1.96 -> 175.06343 | BK37: =BH37+BL37*1.96 -> 391.7506 | BL37: =(STDEV(BD$12:BD$1000)/SQRT(BD$8-1))*SQRT(0.7099+0.1165*BI37+0.6687*BI37*BI37) -> 55.277338 | BR37: =BQ$5+BP37*BQ$4 -> 56.796569 | BS37: =1/(1-BT37) -> 1111.1111 | BT37: 0.9991 | BU37: =BQ$5-BQ$4*LN(-LN(BT37)) -> 292.51942 | BV37: =-LN(-LN(BT37)) -> 7.0126656 | BW37: =BU37-BY37*1.96 -> 178.80223 | BX37: =BU37+BY37*1.96 -> 406.23661 | BY37: =(STDEV(BQ$12:BQ$1000)/SQRT(BQ$8-1))*SQRT(0.7099+0.1165*BV37+0.6687*BV37*BV37) -> 58.018974
A38: =RANK(D38,D$12:D$970,1) -> #N/A | E38: =D$5+C38*D$4 -> 53.3333 | F38: =1/(1-G38) -> 1250 | G38: 0.9992 | H38: =D$5-D$4*LN(-LN(G38)) -> 227.34234 | I38: =-LN(-LN(G38)) -> 7.1304987 | J38: =H38-L38*1.96 -> 143.44193 | K38: =H38+L38*1.96 -> 311.24275 | L38: =(STDEV(D$12:D$1000)/SQRT(D$8-1))*SQRT(0.7099+0.1165*I38+0.6687*I38*I38) -> 42.806333 | N38: =RANK(Q38,Q$12:Q$970,1) -> #N/A | R38: =Q$5+P38*Q$4 -> 55.441591 | S38: =1/(1-T38) -> 1250 | T38: 0.9992 | U38: =Q$5-Q$4*LN(-LN(T38)) -> 288.12223 | V38: =-LN(-LN(T38)) -> 7.1304987 | W38: =U38-Y38*1.96 -> 175.93265 | X38: =U38+Y38*1.96 -> 400.31182 | Y38: =(STDEV(Q$12:Q$1000)/SQRT(Q$8-1))*SQRT(0.7099+0.1165*V38+0.6687*V38*V38) -> 57.239584 | AE38: =AD$5+AC38*AD$4 -> 55.127024 | AF38: =1/(1-AG38) -> 1250 | AG38: 0.9992 | AH38: =AD$5-AD$4*LN(-LN(AG38)) -> 239.92671 | AI38: =-LN(-LN(AG38)) -> 7.1304987 | AJ38: =AH38-AL38*1.96 -> 150.82347 | AK38: =AH38+AL38*1.96 -> 329.02996 | AL38: =(STDEV(AD$12:AD$1000)/SQRT(AD$8-1))*SQRT(0.7099+0.1165*AI38+0.6687*AI38*AI38) -> 45.46084 | AR38: =AQ$5+AP38*AQ$4 -> 56.648109 | AS38: =1/(1-AT38) -> 1250 | AT38: 0.9992 | AU38: =AQ$5-AQ$4*LN(-LN(AT38)) -> 298.64564 | AV38: =-LN(-LN(AT38)) -> 7.1304987 | AW38: =AU38-AY38*1.96 -> 181.96381 | AX38: =AU38+AY38*1.96 -> 415.32747 | AY38: =(STDEV(AQ$12:AQ$1000)/SQRT(AQ$8-1))*SQRT(0.7099+0.1165*AV38+0.6687*AV38*AV38) -> 59.531545 | BE38: =BD$5+BC38*BD$4 -> 58.823041 | BF38: =1/(1-BG38) -> 1250 | BG38: 0.9992 | BH38: =BD$5-BD$4*LN(-LN(BG38)) -> 287.18067 | BI38: =-LN(-LN(BG38)) -> 7.1304987 | BJ38: =BH38-BL38*1.96 -> 177.07548 | BK38: =BH38+BL38*1.96 -> 397.28587 | BL38: =(STDEV(BD$12:BD$1000)/SQRT(BD$8-1))*SQRT(0.7099+0.1165*BI38+0.6687*BI38*BI38) -> 56.176121 | BR38: =BQ$5+BP38*BQ$4 -> 56.796569 | BS38: =1/(1-BT38) -> 1250 | BT38: 0.9992 | BU38: =BQ$5-BQ$4*LN(-LN(BT38)) -> 296.48024 | BV38: =-LN(-LN(BT38)) -> 7.1304987 | BW38: =BU38-BY38*1.96 -> 180.91407 | BX38: =BU38+BY38*1.96 -> 412.04642 | BY38: =(STDEV(BQ$12:BQ$1000)/SQRT(BQ$8-1))*SQRT(0.7099+0.1165*BV38+0.6687*BV38*BV38) -> 58.962334
A39: =RANK(D39,D$12:D$970,1) -> #N/A | E39: =D$5+C39*D$4 -> 53.3333 | F39: =1/(1-G39) -> 1428.5714 | G39: 0.9993 | H39: =D$5-D$4*LN(-LN(G39)) -> 230.60219 | I39: =-LN(-LN(G39)) -> 7.2640801 | J39: =H39-L39*1.96 -> 145.1795 | K39: =H39+L39*1.96 -> 316.02489 | L39: =(STDEV(D$12:D$1000)/SQRT(D$8-1))*SQRT(0.7099+0.1165*I39+0.6687*I39*I39) -> 43.583008 | N39: =RANK(Q39,Q$12:Q$970,1) -> #N/A | R39: =Q$5+P39*Q$4 -> 55.441591 | S39: =1/(1-T39) -> 1428.5714 | T39: 0.9993 | U39: =Q$5-Q$4*LN(-LN(T39)) -> 292.48123 | V39: =-LN(-LN(T39)) -> 7.2640801 | W39: =U39-Y39*1.96 -> 178.25608 | X39: =U39+Y39*1.96 -> 406.70637 | Y39: =(STDEV(Q$12:Q$1000)/SQRT(Q$8-1))*SQRT(0.7099+0.1165*V39+0.6687*V39*V39) -> 58.278135 | AE39: =AD$5+AC39*AD$4 -> 55.127024 | AF39: =1/(1-AG39) -> 1428.5714 | AG39: 0.9993 | AH39: =AD$5-AD$4*LN(-LN(AG39)) -> 243.38872 | AI39: =-LN(-LN(AG39)) -> 7.2640801 | AJ39: =AH39-AL39*1.96 -> 152.66879 | AK39: =AH39+AL39*1.96 -> 334.10865 | AL39: =(STDEV(AD$12:AD$1000)/SQRT(AD$8-1))*SQRT(0.7099+0.1165*AI39+0.6687*AI39*AI39) -> 46.285678 | AR39: =AQ$5+AP39*AQ$4 -> 56.648109 | AS39: =1/(1-AT39) -> 1428.5714 | AT39: 0.9993 | AU39: =AQ$5-AQ$4*LN(-LN(AT39)) -> 303.17918 | AV39: =-LN(-LN(AT39)) -> 7.2640801 | AW39: =AU39-AY39*1.96 -> 184.38028 | AX39: =AU39+AY39*1.96 -> 421.97807 | AY39: =(STDEV(AQ$12:AQ$1000)/SQRT(AQ$8-1))*SQRT(0.7099+0.1165*AV39+0.6687*AV39*AV39) -> 60.611682 | BE39: =BD$5+BC39*BD$4 -> 58.823041 | BF39: =1/(1-BG39) -> 1428.5714 | BG39: 0.9993 | BH39: =BD$5-BD$4*LN(-LN(BG39)) -> 291.45868 | BI39: =-LN(-LN(BG39)) -> 7.2640801 | BJ39: =BH39-BL39*1.96 -> 179.35574 | BK39: =BH39+BL39*1.96 -> 403.56162 | BL39: =(STDEV(BD$12:BD$1000)/SQRT(BD$8-1))*SQRT(0.7099+0.1165*BI39+0.6687*BI39*BI39) -> 57.195377 | BR39: =BQ$5+BP39*BQ$4 -> 56.796569 | BS39: =1/(1-BT39) -> 1428.5714 | BT39: 0.9993 | BU39: =BQ$5-BQ$4*LN(-LN(BT39)) -> 300.97043 | BV39: =-LN(-LN(BT39)) -> 7.2640801 | BW39: =BU39-BY39*1.96 -> 183.30743 | BX39: =BU39+BY39*1.96 -> 418.63343 | BY39: =(STDEV(BQ$12:BQ$1000)/SQRT(BQ$8-1))*SQRT(0.7099+0.1165*BV39+0.6687*BV39*BV39) -> 60.032143
A40: =RANK(D40,D$12:D$970,1) -> #N/A | E40: =D$5+C40*D$4 -> 53.3333 | F40: =1/(1-G40) -> 1666.6667 | G40: 0.9994 | H40: =D$5-D$4*LN(-LN(G40)) -> 234.36523 | I40: =-LN(-LN(G40)) -> 7.4182808 | J40: =H40-L40*1.96 -> 147.18461 | K40: =H40+L40*1.96 -> 321.54584 | L40: =(STDEV(D$12:D$1000)/SQRT(D$8-1))*SQRT(0.7099+0.1165*I40+0.6687*I40*I40) -> 44.479904 | N40: =RANK(Q40,Q$12:Q$970,1) -> #N/A | R40: =Q$5+P40*Q$4 -> 55.441591 | S40: =1/(1-T40) -> 1666.6667 | T40: 0.9994 | U40: =Q$5-Q$4*LN(-LN(T40)) -> 297.51307 | V40: =-LN(-LN(T40)) -> 7.4182808 | W40: =U40-Y40*1.96 -> 180.93728 | X40: =U40+Y40*1.96 -> 414.08885 | Y40: =(STDEV(Q$12:Q$1000)/SQRT(Q$8-1))*SQRT(0.7099+0.1165*V40+0.6687*V40*V40) -> 59.477443 | AE40: =AD$5+AC40*AD$4 -> 55.127024 | AF40: =1/(1-AG40) -> 1666.6667 | AG40: 0.9994 | AH40: =AD$5-AD$4*LN(-LN(AG40)) -> 247.3851 | AI40: =-LN(-LN(AG40)) -> 7.4182808 | AJ40: =AH40-AL40*1.96 -> 154.79825 | AK40: =AH40+AL40*1.96 -> 339.97196 | AL40: =(STDEV(AD$12:AD$1000)/SQRT(AD$8-1))*SQRT(0.7099+0.1165*AI40+0.6687*AI40*AI40) -> 47.238193 | AR40: =AQ$5+AP40*AQ$4 -> 56.648109 | AS40: =1/(1-AT40) -> 1666.6667 | AT40: 0.9994 | AU40: =AQ$5-AQ$4*LN(-LN(AT40)) -> 308.4125 | AV40: =-LN(-LN(AT40)) -> 7.4182808 | AW40: =AU40-AY40*1.96 -> 187.16884 | AX40: =AU40+AY40*1.96 -> 429.65616 | AY40: =(STDEV(AQ$12:AQ$1000)/SQRT(AQ$8-1))*SQRT(0.7099+0.1165*AV40+0.6687*AV40*AV40) -> 61.859012 | BE40: =BD$5+BC40*BD$4 -> 58.823041 | BF40: =1/(1-BG40) -> 1666.6667 | BG40: 0.9994 | BH40: =BD$5-BD$4*LN(-LN(BG40)) -> 296.39703 | BI40: =-LN(-LN(BG40)) -> 7.4182808 | BJ40: =BH40-BL40*1.96 -> 181.98712 | BK40: =BH40+BL40*1.96 -> 410.80694 | BL40: =(STDEV(BD$12:BD$1000)/SQRT(BD$8-1))*SQRT(0.7099+0.1165*BI40+0.6687*BI40*BI40) -> 58.372403 | BR40: =BQ$5+BP40*BQ$4 -> 56.796569 | BS40: =1/(1-BT40) -> 1666.6667 | BT40: 0.9994 | BU40: =BQ$5-BQ$4*LN(-LN(BT40)) -> 306.15372 | BV40: =-LN(-LN(BT40)) -> 7.4182808 | BW40: =BU40-BY40*1.96 -> 186.06932 | BX40: =BU40+BY40*1.96 -> 426.23811 | BY40: =(STDEV(BQ$12:BQ$1000)/SQRT(BQ$8-1))*SQRT(0.7099+0.1165*BV40+0.6687*BV40*BV40) -> 61.267547
A41: =RANK(D41,D$12:D$970,1) -> #N/A | E41: =D$5+C41*D$4 -> 53.3333 | F41: =1/(1-G41) -> 2000 | G41: 0.9995 | H41: =D$5-D$4*LN(-LN(G41)) -> 238.81573 | I41: =-LN(-LN(G41)) -> 7.6006524 | J41: =H41-L41*1.96 -> 149.55519 | K41: =H41+L41*1.96 -> 328.07626 | L41: =(STDEV(D$12:D$1000)/SQRT(D$8-1))*SQRT(0.7099+0.1165*I41+0.6687*I41*I41) -> 45.54109 | N41: =RANK(Q41,Q$12:Q$970,1) -> #N/A | R41: =Q$5+P41*Q$4 -> 55.441591 | S41: =1/(1-T41) -> 2000 | T41: 0.9995 | U41: =Q$5-Q$4*LN(-LN(T41)) -> 303.46417 | V41: =-LN(-LN(T41)) -> 7.6006524 | W41: =U41-Y41*1.96 -> 184.10716 | X41: =U41+Y41*1.96 -> 422.82118 | Y41: =(STDEV(Q$12:Q$1000)/SQRT(Q$8-1))*SQRT(0.7099+0.1165*V41+0.6687*V41*V41) -> 60.896434 | AE41: =AD$5+AC41*AD$4 -> 55.127024 | AF41: =1/(1-AG41) -> 2000 | AG41: 0.9995 | AH41: =AD$5-AD$4*LN(-LN(AG41)) -> 252.11159 | AI41: =-LN(-LN(AG41)) -> 7.6006524 | AJ41: =AH41-AL41*1.96 -> 157.31583 | AK41: =AH41+AL41*1.96 -> 346.90735 | AL41: =(STDEV(AD$12:AD$1000)/SQRT(AD$8-1))*SQRT(0.7099+0.1165*AI41+0.6687*AI41*AI41) -> 48.365184 | AR41: =AQ$5+AP41*AQ$4 -> 56.648109 | AS41: =1/(1-AT41) -> 2000 | AT41: 0.9995 | AU41: =AQ$5-AQ$4*LN(-LN(AT41)) -> 314.60189 | AV41: =-LN(-LN(AT41)) -> 7.6006524 | AW41: =AU41-AY41*1.96 -> 190.46564 | AX41: =AU41+AY41*1.96 -> 438.73814 | AY41: =(STDEV(AQ$12:AQ$1000)/SQRT(AQ$8-1))*SQRT(0.7099+0.1165*AV41+0.6687*AV41*AV41) -> 63.334821 | BE41: =BD$5+BC41*BD$4 -> 58.823041 | BF41: =1/(1-BG41) -> 2000 | BG41: 0.9995 | BH41: =BD$5-BD$4*LN(-LN(BG41)) -> 302.23757 | BI41: =-LN(-LN(BG41)) -> 7.6006524 | BJ41: =BH41-BL41*1.96 -> 185.09811 | BK41: =BH41+BL41*1.96 -> 419.37703 | BL41: =(STDEV(BD$12:BD$1000)/SQRT(BD$8-1))*SQRT(0.7099+0.1165*BI41+0.6687*BI41*BI41) -> 59.76503 | BR41: =BQ$5+BP41*BQ$4 -> 56.796569 | BS41: =1/(1-BT41) -> 2000 | BT41: 0.9995 | BU41: =BQ$5-BQ$4*LN(-LN(BT41)) -> 312.28393 | BV41: =-LN(-LN(BT41)) -> 7.6006524 | BW41: =BU41-BY41*1.96 -> 189.33461 | BX41: =BU41+BY41*1.96 -> 435.23325 | BY41: =(STDEV(BQ$12:BQ$1000)/SQRT(BQ$8-1))*SQRT(0.7099+0.1165*BV41+0.6687*BV41*BV41) -> 62.729246
A42: =RANK(D42,D$12:D$970,1) -> #N/A | E42: =D$5+C42*D$4 -> 53.3333 | F42: =1/(1-G42) -> 2500 | G42: 0.9996 | H42: =D$5-D$4*LN(-LN(G42)) -> 244.26243 | I42: =-LN(-LN(G42)) -> 7.823846 | J42: =H42-L42*1.96 -> 152.45523 | K42: =H42+L42*1.96 -> 336.06963 | L42: =(STDEV(D$12:D$1000)/SQRT(D$8-1))*SQRT(0.7099+0.1165*I42+0.6687*I42*I42) -> 46.840408 | N42: =RANK(Q42,Q$12:Q$970,1) -> #N/A | R42: =Q$5+P42*Q$4 -> 55.441591 | S42: =1/(1-T42) -> 2500 | T42: 0.9996 | U42: =Q$5-Q$4*LN(-LN(T42)) -> 310.74737 | V42: =-LN(-LN(T42)) -> 7.823846 | W42: =U42-Y42*1.96 -> 187.98502 | X42: =U42+Y42*1.96 -> 433.50971 | Y42: =(STDEV(Q$12:Q$1000)/SQRT(Q$8-1))*SQRT(0.7099+0.1165*V42+0.6687*V42*V42) -> 62.633851 | AE42: =AD$5+AC42*AD$4 -> 55.127024 | AF42: =1/(1-AG42) -> 2500 | AG42: 0.9996 | AH42: =AD$5-AD$4*LN(-LN(AG42)) -> 257.89605 | AI42: =-LN(-LN(AG42)) -> 7.823846 | AJ42: =AH42-AL42*1.96 -> 160.3957 | AK42: =AH42+AL42*1.96 -> 355.3964 | AL42: =(STDEV(AD$12:AD$1000)/SQRT(AD$8-1))*SQRT(0.7099+0.1165*AI42+0.6687*AI42*AI42) -> 49.745076 | AR42: =AQ$5+AP42*AQ$4 -> 56.648109 | AS42: =1/(1-AT42) -> 2500 | AT42: 0.9996 | AU42: =AQ$5-AQ$4*LN(-LN(AT42)) -> 322.17672 | AV42: =-LN(-LN(AT42)) -> 7.823846 | AW42: =AU42-AY42*1.96 -> 194.49878 | AX42: =AU42+AY42*1.96 -> 449.85466 | AY42: =(STDEV(AQ$12:AQ$1000)/SQRT(AQ$8-1))*SQRT(0.7099+0.1165*AV42+0.6687*AV42*AV42) -> 65.141807 | BE42: =BD$5+BC42*BD$4 -> 58.823041 | BF42: =1/(1-BG42) -> 2500 | BG42: 0.9996 | BH42: =BD$5-BD$4*LN(-LN(BG42)) -> 309.38545 | BI42: =-LN(-LN(BG42)) -> 7.823846 | BJ42: =BH42-BL42*1.96 -> 188.90392 | BK42: =BH42+BL42*1.96 -> 429.86698 | BL42: =(STDEV(BD$12:BD$1000)/SQRT(BD$8-1))*SQRT(0.7099+0.1165*BI42+0.6687*BI42*BI42) -> 61.470167 | BR42: =BQ$5+BP42*BQ$4 -> 56.796569 | BS42: =1/(1-BT42) -> 2500 | BT42: 0.9996 | BU42: =BQ$5-BQ$4*LN(-LN(BT42)) -> 319.78633 | BV42: =-LN(-LN(BT42)) -> 7.823846 | BW42: =BU42-BY42*1.96 -> 193.32918 | BX42: =BU42+BY42*1.96 -> 446.24348 | BY42: =(STDEV(BQ$12:BQ$1000)/SQRT(BQ$8-1))*SQRT(0.7099+0.1165*BV42+0.6687*BV42*BV42) -> 64.518954
A43: =RANK(D43,D$12:D$970,1) -> #N/A | E43: =D$5+C43*D$4 -> 53.3333 | F43: =1/(1-G43) -> 3333.3333 | G43: 0.9997 | H43: =D$5-D$4*LN(-LN(G43)) -> 251.2841 | I43: =-LN(-LN(G43)) -> 8.1115781 | J43: =H43-L43*1.96 -> 156.1921 | K43: =H43+L43*1.96 -> 346.3761 | L43: =(STDEV(D$12:D$1000)/SQRT(D$8-1))*SQRT(0.7099+0.1165*I43+0.6687*I43*I43) -> 48.516326 | N43: =RANK(Q43,Q$12:Q$970,1) -> #N/A | R43: =Q$5+P43*Q$4 -> 55.441591 | S43: =1/(1-T43) -> 3333.3333 | T43: 0.9997 | U43: =Q$5-Q$4*LN(-LN(T43)) -> 320.13657 | V43: =-LN(-LN(T43)) -> 8.1115781 | W43: =U43-Y43*1.96 -> 192.98186 | X43: =U43+Y43*1.96 -> 447.29127 | Y43: =(STDEV(Q$12:Q$1000)/SQRT(Q$8-1))*SQRT(0.7099+0.1165*V43+0.6687*V43*V43) -> 64.874848 | AE43: =AD$5+AC43*AD$4 -> 55.127024 | AF43: =1/(1-AG43) -> 3333.3333 | AG43: 0.9997 | AH43: =AD$5-AD$4*LN(-LN(AG43)) -> 265.35315 | AI43: =-LN(-LN(AG43)) -> 8.1115781 | AJ43: =AH43-AL43*1.96 -> 164.3643 | AK43: =AH43+AL43*1.96 -> 366.34199 | AL43: =(STDEV(AD$12:AD$1000)/SQRT(AD$8-1))*SQRT(0.7099+0.1165*AI43+0.6687*AI43*AI43) -> 51.524922 | AR43: =AQ$5+AP43*AQ$4 -> 56.648109 | AS43: =1/(1-AT43) -> 3333.3333 | AT43: 0.9997 | AU43: =AQ$5-AQ$4*LN(-LN(AT43)) -> 331.94188 | AV43: =-LN(-LN(AT43)) -> 8.1115781 | AW43: =AU43-AY43*1.96 -> 199.69571 | AX43: =AU43+AY43*1.96 -> 464.18805 | AY43: =(STDEV(AQ$12:AQ$1000)/SQRT(AQ$8-1))*SQRT(0.7099+0.1165*AV43+0.6687*AV43*AV43) -> 67.472537 | BE43: =BD$5+BC43*BD$4 -> 58.823041 | BF43: =1/(1-BG43) -> 3333.3333 | BG43: 0.9997 | BH43: =BD$5-BD$4*LN(-LN(BG43)) -> 318.60021 | BI43: =-LN(-LN(BG43)) -> 8.1115781 | BJ43: =BH43-BL43*1.96 -> 193.80793 | BK43: =BH43+BL43*1.96 -> 443.39249 | BL43: =(STDEV(BD$12:BD$1000)/SQRT(BD$8-1))*SQRT(0.7099+0.1165*BI43+0.6687*BI43*BI43) -> 63.669529 | BR43: =BQ$5+BP43*BQ$4 -> 56.796569 | BS43: =1/(1-BT43) -> 3333.3333 | BT43: 0.9997 | BU43: =BQ$5-BQ$4*LN(-LN(BT43)) -> 329.45812 | BV43: =-LN(-LN(BT43)) -> 8.1115781 | BW43: =BU43-BY43*1.96 -> 198.47642 | BX43: =BU43+BY43*1.96 -> 460.43982 | BY43: =(STDEV(BQ$12:BQ$1000)/SQRT(BQ$8-1))*SQRT(0.7099+0.1165*BV43+0.6687*BV43*BV43) -> 66.827399
... A45: =RANK(D45,D$12:D$970,1) -> #N/A | E45: =D$5+C45*D$4 -> 53.3333 | F45: =1/(1-G45) -> 10000 | G45: 0.9999 | H45: =D$5-D$4*LN(-LN(G45)) -> 278.09651 | I45: =-LN(-LN(G45)) -> 9.2102904 | J45: =H45-L45*1.96 -> 170.44643 | K45: =H45+L45*1.96 -> 385.74659 | L45: =(STDEV(D$12:D$1000)/SQRT(D$8-1))*SQRT(0.7099+0.1165*I45+0.6687*I45*I45) -> 54.923509 | N45: =RANK(Q45,Q$12:Q$970,1) -> #N/A | R45: =Q$5+P45*Q$4 -> 55.441591 | S45: =1/(1-T45) -> 10000 | T45: 0.9999 | U45: =Q$5-Q$4*LN(-LN(T45)) -> 355.98947 | V45: =-LN(-LN(T45)) -> 9.2102904 | W45: =U45-Y45*1.96 -> 212.04241 | X45: =U45+Y45*1.96 -> 499.93653 | Y45: =(STDEV(Q$12:Q$1000)/SQRT(Q$8-1))*SQRT(0.7099+0.1165*V45+0.6687*V45*V45) -> 73.442377 | AE45: =AD$5+AC45*AD$4 -> 55.127024 | AF45: =1/(1-AG45) -> 10000 | AG45: 0.9999 | AH45: =AD$5-AD$4*LN(-LN(AG45)) -> 293.82825 | AI45: =-LN(-LN(AG45)) -> 9.2102904 | AJ45: =AH45-AL45*1.96 -> 179.50258 | AK45: =AH45+AL45*1.96 -> 408.15393 | AL45: =(STDEV(AD$12:AD$1000)/SQRT(AD$8-1))*SQRT(0.7099+0.1165*AI45+0.6687*AI45*AI45) -> 58.329427 | AR45: =AQ$5+AP45*AQ$4 -> 56.648109 | AS45: =1/(1-AT45) -> 10000 | AT45: 0.9999 | AU45: =AQ$5-AQ$4*LN(-LN(AT45)) -> 369.23039 | AV45: =-LN(-LN(AT45)) -> 9.2102904 | AW45: =AU45-AY45*1.96 -> 219.51947 | AX45: =AU45+AY45*1.96 -> 518.94131 | AY45: =(STDEV(AQ$12:AQ$1000)/SQRT(AQ$8-1))*SQRT(0.7099+0.1165*AV45+0.6687*AV45*AV45) -> 76.383123 | BE45: =BD$5+BC45*BD$4 -> 58.823041 | BF45: =1/(1-BG45) -> 10000 | BG45: 0.9999 | BH45: =BD$5-BD$4*LN(-LN(BG45)) -> 353.787 | BI45: =-LN(-LN(BG45)) -> 9.2102904 | BJ45: =BH45-BL45*1.96 -> 212.51435 | BK45: =BH45+BL45*1.96 -> 495.05964 | BL45: =(STDEV(BD$12:BD$1000)/SQRT(BD$8-1))*SQRT(0.7099+0.1165*BI45+0.6687*BI45*BI45) -> 72.07788 | BR45: =BQ$5+BP45*BQ$4 -> 56.796569 | BS45: =1/(1-BT45) -> 10000 | BT45: 0.9999 | BU45: =BQ$5-BQ$4*LN(-LN(BT45)) -> 366.3901 | BV45: =-LN(-LN(BT45)) -> 9.2102904 | BW45: =BU45-BY45*1.96 -> 218.11063 | BX45: =BU45+BY45*1.96 -> 514.66956 | BY45: =(STDEV(BQ$12:BQ$1000)/SQRT(BQ$8-1))*SQRT(0.7099+0.1165*BV45+0.6687*BV45*BV45) -> 75.652786
A46: =RANK(D46,D$12:D$970,1) -> #N/A | E46: =D$5+C46*D$4 -> 53.3333 | N46: =RANK(Q46,Q$12:Q$970,1) -> #N/A | R46: =Q$5+P46*Q$4 -> 55.441591 | AE46: =AD$5+AC46*AD$4 -> 55.127024 | AR46: =AQ$5+AP46*AQ$4 -> 56.648109 | BE46: =BD$5+BC46*BD$4 -> 58.823041 | BR46: =BQ$5+BP46*BQ$4 -> 56.796569
A47: =RANK(D47,D$12:D$970,1) -> #N/A | E47: =D$5+C47*D$4 -> 53.3333 | N47: =RANK(Q47,Q$12:Q$970,1) -> #N/A | R47: =Q$5+P47*Q$4 -> 55.441591 | AE47: =AD$5+AC47*AD$4 -> 55.127024 | AR47: =AQ$5+AP47*AQ$4 -> 56.648109 | BE47: =BD$5+BC47*BD$4 -> 58.823041 | BR47: =BQ$5+BP47*BQ$4 -> 56.796569
A48: =RANK(D48,D$12:D$970,1) -> #N/A | E48: =D$5+C48*D$4 -> 53.3333 | N48: =RANK(Q48,Q$12:Q$970,1) -> #N/A | R48: =Q$5+P48*Q$4 -> 55.441591 | AE48: =AD$5+AC48*AD$4 -> 55.127024 | AR48: =AQ$5+AP48*AQ$4 -> 56.648109 | BE48: =BD$5+BC48*BD$4 -> 58.823041 | BR48: =BQ$5+BP48*BQ$4 -> 56.796569
A49: =RANK(D49,D$12:D$970,1) -> #N/A | E49: =D$5+C49*D$4 -> 53.3333 | N49: =RANK(Q49,Q$12:Q$970,1) -> #N/A | R49: =Q$5+P49*Q$4 -> 55.441591 | AE49: =AD$5+AC49*AD$4 -> 55.127024 | AR49: =AQ$5+AP49*AQ$4 -> 56.648109 | BE49: =BD$5+BC49*BD$4 -> 58.823041 | BR49: =BQ$5+BP49*BQ$4 -> 56.796569
A50: =RANK(D50,D$12:D$970,1) -> #N/A | E50: =D$5+C50*D$4 -> 53.3333 | N50: =RANK(Q50,Q$12:Q$970,1) -> #N/A | R50: =Q$5+P50*Q$4 -> 55.441591 | AE50: =AD$5+AC50*AD$4 -> 55.127024 | AR50: =AQ$5+AP50*AQ$4 -> 56.648109 | BE50: =BD$5+BC50*BD$4 -> 58.823041 | BR50: =BQ$5+BP50*BQ$4 -> 56.796569
A51: =RANK(D51,D$12:D$970,1) -> #N/A | E51: =D$5+C51*D$4 -> 53.3333 | N51: =RANK(Q51,Q$12:Q$970,1) -> #N/A | R51: =Q$5+P51*Q$4 -> 55.441591 | AE51: =AD$5+AC51*AD$4 -> 55.127024 | AR51: =AQ$5+AP51*AQ$4 -> 56.648109 | BE51: =BD$5+BC51*BD$4 -> 58.823041 | BR51: =BQ$5+BP51*BQ$4 -> 56.796569
A52: =RANK(D52,D$12:D$970,1) -> #N/A | E52: =D$5+C52*D$4 -> 53.3333 | N52: =RANK(Q52,Q$12:Q$970,1) -> #N/A | R52: =Q$5+P52*Q$4 -> 55.441591 | AE52: =AD$5+AC52*AD$4 -> 55.127024 | AR52: =AQ$5+AP52*AQ$4 -> 56.648109 | BE52: =BD$5+BC52*BD$4 -> 58.823041 | BR52: =BQ$5+BP52*BQ$4 -> 56.796569
A53: =RANK(D53,D$12:D$970,1) -> #N/A | E53: =D$5+C53*D$4 -> 53.3333 | N53: =RANK(Q53,Q$12:Q$970,1) -> #N/A | R53: =Q$5+P53*Q$4 -> 55.441591 | AE53: =AD$5+AC53*AD$4 -> 55.127024 | AR53: =AQ$5+AP53*AQ$4 -> 56.648109 | BE53: =BD$5+BC53*BD$4 -> 58.823041 | BR53: =BQ$5+BP53*BQ$4 -> 56.796569
A54: =RANK(D54,D$12:D$970,1) -> #N/A | E54: =D$5+C54*D$4 -> 53.3333 | N54: =RANK(Q54,Q$12:Q$970,1) -> #N/A | R54: =Q$5+P54*Q$4 -> 55.441591 | AE54: =AD$5+AC54*AD$4 -> 55.127024 | AR54: =AQ$5+AP54*AQ$4 -> 56.648109 | BE54: =BD$5+BC54*BD$4 -> 58.823041 | BR54: =BQ$5+BP54*BQ$4 -> 56.796569
A55: =RANK(D55,D$12:D$970,1) -> #N/A | E55: =D$5+C55*D$4 -> 53.3333 | N55: =RANK(Q55,Q$12:Q$970,1) -> #N/A | R55: =Q$5+P55*Q$4 -> 55.441591 | AE55: =AD$5+AC55*AD$4 -> 55.127024 | AR55: =AQ$5+AP55*AQ$4 -> 56.648109 | BE55: =BD$5+BC55*BD$4 -> 58.823041 | BR55: =BQ$5+BP55*BQ$4 -> 56.796569
A56: =RANK(D56,D$12:D$970,1) -> #N/A | E56: =D$5+C56*D$4 -> 53.3333 | N56: =RANK(Q56,Q$12:Q$970,1) -> #N/A | R56: =Q$5+P56*Q$4 -> 55.441591 | AE56: =AD$5+AC56*AD$4 -> 55.127024 | AR56: =AQ$5+AP56*AQ$4 -> 56.648109 | BE56: =BD$5+BC56*BD$4 -> 58.823041 | BR56: =BQ$5+BP56*BQ$4 -> 56.796569
A57: =RANK(D57,D$12:D$970,1) -> #N/A | E57: =D$5+C57*D$4 -> 53.3333 | N57: =RANK(Q57,Q$12:Q$970,1) -> #N/A | R57: =Q$5+P57*Q$4 -> 55.441591 | AE57: =AD$5+AC57*AD$4 -> 55.127024 | AR57: =AQ$5+AP57*AQ$4 -> 56.648109 | BE57: =BD$5+BC57*BD$4 -> 58.823041 | BR57: =BQ$5+BP57*BQ$4 -> 56.796569
... A109: =RANK(D109,D$12:D$970,1) -> #N/A | E109: =D$5+C109*D$4 -> 53.3333 | N109: =RANK(Q109,Q$12:Q$970,1) -> #N/A | R109: =Q$5+P109*Q$4 -> 55.441591 | AE109: =AD$5+AC109*AD$4 -> 55.127024 | AR109: =AQ$5+AP109*AQ$4 -> 56.648109 | BE109: =BD$5+BC109*BD$4 -> 58.823041 | BR109: =BQ$5+BP109*BQ$4 -> 56.796569

Sheet Ajustement de Gumbel-Graph

Sheet IDF
D3: Estimation des lames précipitées pour différents temps de retour pour la période
E5: Paramétres a et b des droites d'ajustement (méthode des moments) :
F7: =Max_An_non_triee!E2 -> r1 | G7: =Max_An_non_triee!G2 -> r10 | H7: =Max_An_non_triee!I2 -> r2 | I7: =Max_An_non_triee!K2 -> r3 | J7: =Max_An_non_triee!M2 -> r4 | K7: =Max_An_non_triee!O2 -> r5
E8: paramètre b = | F8: ='Ajustement de GUMBEL'!D4 -> 24.403488 | G8: ='Ajustement de GUMBEL'!Q4 -> 32.631749 | H8: ='Ajustement de GUMBEL'!AD4 -> 25.916797 | I8: ='Ajustement de GUMBEL'!AQ4 -> 33.938374 | J8: ='Ajustement de GUMBEL'!BD4 -> 32.025478 | K8: ='Ajustement de GUMBEL'!BQ4 -> 33.613873 | L8: [mm]
E9: paramètre a = | F9: ='Ajustement de GUMBEL'!D5 -> 53.3333 | G9: ='Ajustement de GUMBEL'!Q5 -> 55.441591 | H9: ='Ajustement de GUMBEL'!AD5 -> 55.127024 | I9: ='Ajustement de GUMBEL'!AQ5 -> 56.648109 | J9: ='Ajustement de GUMBEL'!BD5 -> 58.823041 | K9: ='Ajustement de GUMBEL'!BQ5 -> 56.796569 | L9: [mm]
F13: temps de retour = 5 ans | G13: temps de retour = 10 ans | H13: temps de retour = 20 ans | I13: temps de retour = 30 ans | J13: temps de retour = 50 ans | K13: temps de retour =100 ans
F14: 5 | G14: 10 | H14: 20 | I14: 30 | J14: 50 | K14: 100 | L14: [an]
E15: probabilité cumulée de non dépassement F = | F15: =1-1/F14 -> 0.8 | G15: =1-1/G14 -> 0.9 | H15: =1-1/H14 -> 0.95 | I15: =1-1/I14 -> 0.96666667 | J15: =1-1/J14 -> 0.98 | K15: =1-1/K14 -> 0.99 | L15: [-]
E16: variable réduite de Gumbel u = | F16: =-LN(-LN(F15)) -> 1.49994 | G16: =-LN(-LN(G15)) -> 2.2503673 | H16: =-LN(-LN(H15)) -> 2.9701952 | I16: =-LN(-LN(I15)) -> 3.3842945 | J16: =-LN(-LN(J15)) -> 3.9019387 | K16: =-LN(-LN(K15)) -> 4.6001492 | L16: [-]
E19: Estimation des lames précipitées:
E21: Durée de la pluie | F21: Lame précipitée | G21: Lame précipitée | H21: Lame précipitée | I21: Lame précipitée | J21: Lame précipitée | K21: Lame précipitée
E22: [min] | F22: [mm] | G22: [mm] | H22: [mm] | I22: [mm] | J22: [mm] | K22: [mm]
E24: r1 | F24: =$F$9+F16*$F$8 -> 89.937068 | G24: =$F$9+G16*$F$8 -> 108.25011 | H24: =$F$9+H16*$F$8 -> 125.81642 | I24: =$F$9+I16*$F$8 -> 135.92189 | J24: =$F$9+J16*$F$8 -> 148.55421 | K24: =$F$9+K16*$F$8 -> 165.59299
E25: r10 | F25: =$G$9+F16*$G$8 -> 104.38726 | G25: =$G$9+G16*$G$8 -> 128.87501 | H25: =$G$9+H16*$G$8 -> 152.36426 | I25: =$G$9+I16*$G$8 -> 165.87704 | J25: =$G$9+J16*$G$8 -> 182.76867 | K25: =$G$9+K16*$G$8 -> 205.5525
E26: r2 | F26: =$H$9+F16*$H$8 -> 94.000665 | G26: =$H$9+G16*$H$8 -> 113.44934 | H26: =$H$9+H16*$H$8 -> 132.10497 | I26: =$H$9+I16*$H$8 -> 142.8371 | J26: =$H$9+J16*$H$8 -> 156.25278 | K26: =$H$9+K16*$H$8 -> 174.34816
E27: r3 | F27: =$I$9+F16*$I$8 -> 107.55363 | G27: =$I$9+G16*$I$8 -> 133.02192 | H27: =$I$9+H16*$I$8 -> 157.45171 | I27: =$I$9+I16*$I$8 -> 171.50556 | J27: =$I$9+J16*$I$8 -> 189.07356 | K27: =$I$9+K16*$I$8 -> 212.76969
E28: r4 | F28: =$J$9+F16*$J$8 -> 106.85934 | G28: =$J$9+G16*$J$8 -> 130.89213 | H28: =$J$9+H16*$J$8 -> 153.94496 | I28: =$J$9+I16*$J$8 -> 167.20669 | J28: =$J$9+J16*$J$8 -> 183.78449 | K28: =$J$9+K16*$J$8 -> 206.14502
E29: r5 | F29: =$K$9+F16*$K$8 -> 107.21536 | G29: =$K$9+G16*$K$8 -> 132.44013 | H29: =$K$9+H16*$K$8 -> 156.63633 | I29: =$K$9+I16*$K$8 -> 170.55581 | J29: =$K$9+J16*$K$8 -> 187.95584 | K29: =$K$9+K16*$K$8 -> 211.4254
E31: Estimation des intensités pluviométriques:
E33: Durée de la pluie | F33: intensité moyenne | G33: intensité moyenne | H33: intensité moyenne | I33: intensité moyenne | J33: intensité moyenne | K33: intensité moyenne
E34: [min] | F34: [mm/h] | G34: [mm/h] | H34: [mm/h] | I34: [mm/h] | J34: [mm/h] | K34: [mm/h]
E36: =E24 -> r1 | F36: =F24/$E24*60 -> #VALUE! | G36: =G24/$E24*60 -> #VALUE! | H36: =H24/$E24*60 -> #VALUE! | I36: =I24/$E24*60 -> #VALUE! | J36: =J24/$E24*60 -> #VALUE! | K36: =K24/$E24*60 -> #VALUE!
E37: =E25 -> r10 | F37: =F25/$E25*60 -> #VALUE! | G37: =G25/$E25*60 -> #VALUE! | H37: =H25/$E25*60 -> #VALUE! | I37: =I25/$E25*60 -> #VALUE! | J37: =J25/$E25*60 -> #VALUE! | K37: =K25/$E25*60 -> #VALUE!
E38: =E26 -> r2 | F38: =F26/$E26*60 -> #VALUE! | G38: =G26/$E26*60 -> #VALUE! | H38: =H26/$E26*60 -> #VALUE! | I38: =I26/$E26*60 -> #VALUE! | J38: =J26/$E26*60 -> #VALUE! | K38: =K26/$E26*60 -> #VALUE!
E39: =E27 -> r3 | F39: =F27/$E27*60 -> #VALUE! | G39: =G27/$E27*60 -> #VALUE! | H39: =H27/$E27*60 -> #VALUE! | I39: =I27/$E27*60 -> #VALUE! | J39: =J27/$E27*60 -> #VALUE! | K39: =K27/$E27*60 -> #VALUE!
E40: =E28 -> r4 | F40: =F28/$E28*60 -> #VALUE! | G40: =G28/$E28*60 -> #VALUE! | H40: =H28/$E28*60 -> #VALUE! | I40: =I28/$E28*60 -> #VALUE! | J40: =J28/$E28*60 -> #VALUE! | K40: =K28/$E28*60 -> #VALUE!
E41: =E29 -> r5 | F41: =F29/$E29*60 -> #VALUE! | G41: =G29/$E29*60 -> #VALUE! | H41: =H29/$E29*60 -> #VALUE! | I41: =I29/$E29*60 -> #VALUE! | J41: =J29/$E29*60 -> #VALUE! | K41: =K29/$E29*60 -> #VALUE!
F42: mm/min | G42: mm/min | H42: mm/min | I42: mm/min | J42: mm/min | K42: mm/min
E43: =E24 -> r1 | F43: =F36/60 -> #VALUE! | G43: =G36/60 -> #VALUE! | H43: =H36/60 -> #VALUE! | I43: =I36/60 -> #VALUE! | J43: =J36/60 -> #VALUE! | K43: =K36/60 -> #VALUE!
E44: =E25 -> r10 | F44: =F37/60 -> #VALUE! | G44: =G37/60 -> #VALUE! | H44: =H37/60 -> #VALUE! | I44: =I37/60 -> #VALUE! | J44: =J37/60 -> #VALUE! | K44: =K37/60 -> #VALUE!
E45: =E26 -> r2 | F45: =F38/60 -> #VALUE! | G45: =G38/60 -> #VALUE! | H45: =H38/60 -> #VALUE! | I45: =I38/60 -> #VALUE! | J45: =J38/60 -> #VALUE! | K45: =K38/60 -> #VALUE!
E46: =E27 -> r3 | F46: =F39/60 -> #VALUE! | G46: =G39/60 -> #VALUE! | H46: =H39/60 -> #VALUE! | I46: =I39/60 -> #VALUE! | J46: =J39/60 -> #VALUE! | K46: =K39/60 -> #VALUE!
E47: =E28 -> r4 | F47: =F40/60 -> #VALUE! | G47: =G40/60 -> #VALUE! | H47: =H40/60 -> #VALUE! | I47: =I40/60 -> #VALUE! | J47: =J40/60 -> #VALUE! | K47: =K40/60 -> #VALUE!
E48: =E29 -> r5 | F48: =F41/60 -> #VALUE! | G48: =G41/60 -> #VALUE! | H48: =H41/60 -> #VALUE! | I48: =I41/60 -> #VALUE! | J48: =J41/60 -> #VALUE! | K48: =K41/60 -> #VALUE!

Sheet IDF MONTANA
B5: Calcul des paramètres de la formule de Montana
D8: =IDF!F13 -> temps de retour = 5 ans | E8: =IDF!G13 -> temps de retour = 10 ans | F8: =IDF!H13 -> temps de retour = 20 ans | G8: =IDF!I13 -> temps de retour = 30 ans | H8: =IDF!J13 -> temps de retour = 50 ans | I8: =IDF!K13 -> temps de retour =100 ans
D9: =IDF!F14 -> 5 | E9: =IDF!G14 -> 10 | F9: =IDF!H14 -> 20 | G9: =IDF!I14 -> 30 | H9: =IDF!J14 -> 50 | I9: =IDF!K14 -> 100 | J9: [an]
C12: Durée de la pluie | D12: intensité moyenne | E12: intensité moyenne | F12: intensité moyenne | G12: intensité moyenne | H12: intensité moyenne | I12: intensité moyenne
B13: min | C13: [h] | D13: [mm/h] | E13: [mm/h] | F13: [mm/h] | G13: [mm/h] | H13: [mm/h] | I13: [mm/h]
B15: =IDF!E24 -> r1 | C15: =B15/60 -> #VALUE! | D15: =IDF!F36 -> #VALUE! | E15: =IDF!G36 -> #VALUE! | F15: =IDF!H36 -> #VALUE! | G15: =IDF!I36 -> #VALUE! | H15: =IDF!J36 -> #VALUE! | I15: =IDF!K36 -> #VALUE!
B16: =IDF!E25 -> r10 | C16: =B16/60 -> #VALUE! | D16: =IDF!F37 -> #VALUE! | E16: =IDF!G37 -> #VALUE! | F16: =IDF!H37 -> #VALUE! | G16: =IDF!I37 -> #VALUE! | H16: =IDF!J37 -> #VALUE! | I16: =IDF!K37 -> #VALUE!
B17: =IDF!E26 -> r2 | C17: =B17/60 -> #VALUE! | D17: =IDF!F38 -> #VALUE! | E17: =IDF!G38 -> #VALUE! | F17: =IDF!H38 -> #VALUE! | G17: =IDF!I38 -> #VALUE! | H17: =IDF!J38 -> #VALUE! | I17: =IDF!K38 -> #VALUE!
B18: =IDF!E27 -> r3 | C18: =B18/60 -> #VALUE! | D18: =IDF!F39 -> #VALUE! | E18: =IDF!G39 -> #VALUE! | F18: =IDF!H39 -> #VALUE! | G18: =IDF!I39 -> #VALUE! | H18: =IDF!J39 -> #VALUE! | I18: =IDF!K39 -> #VALUE!
B19: =IDF!E28 -> r4 | C19: =B19/60 -> #VALUE! | D19: =IDF!F40 -> #VALUE! | E19: =IDF!G40 -> #VALUE! | F19: =IDF!H40 -> #VALUE! | G19: =IDF!I40 -> #VALUE! | H19: =IDF!J40 -> #VALUE! | I19: =IDF!K40 -> #VALUE!
B20: =IDF!E29 -> r5 | C20: =B20/60 -> #VALUE! | D20: =IDF!F41 -> #VALUE! | E20: =IDF!G41 -> #VALUE! | F20: =IDF!H41 -> #VALUE! | G20: =IDF!I41 -> #VALUE! | H20: =IDF!J41 -> #VALUE! | I20: =IDF!K41 -> #VALUE!
C22: Estimation des paramètres de la loi de Montana:
C23: Ln(t) | D23: Ln(i) | E23: Ln(i) | F23: Ln(i) | G23: Ln(i) | H23: Ln(i) | I23: Ln(i)
C25: =LN(B15) -> #VALUE! | D25: =LN(D15) -> #VALUE! | E25: =LN(E15) -> #VALUE! | F25: =LN(F15) -> #VALUE! | G25: =LN(G15) -> #VALUE! | H25: =LN(H15) -> #VALUE! | I25: =LN(I15) -> #VALUE!
C26: =LN(B16) -> #VALUE! | D26: =LN(D16) -> #VALUE! | E26: =LN(E16) -> #VALUE! | F26: =LN(F16) -> #VALUE! | G26: =LN(G16) -> #VALUE! | H26: =LN(H16) -> #VALUE! | I26: =LN(I16) -> #VALUE!
C27: =LN(B17) -> #VALUE! | D27: =LN(D17) -> #VALUE! | E27: =LN(E17) -> #VALUE! | F27: =LN(F17) -> #VALUE! | G27: =LN(G17) -> #VALUE! | H27: =LN(H17) -> #VALUE! | I27: =LN(I17) -> #VALUE!
C28: =LN(B18) -> #VALUE! | D28: =LN(D18) -> #VALUE! | E28: =LN(E18) -> #VALUE! | F28: =LN(F18) -> #VALUE! | G28: =LN(G18) -> #VALUE! | H28: =LN(H18) -> #VALUE! | I28: =LN(I18) -> #VALUE!
C29: =LN(B19) -> #VALUE! | D29: =LN(D19) -> #VALUE! | E29: =LN(E19) -> #VALUE! | F29: =LN(F19) -> #VALUE! | G29: =LN(G19) -> #VALUE! | H29: =LN(H19) -> #VALUE! | I29: =LN(I19) -> #VALUE!
C30: =LN(B20) -> #VALUE! | D30: =LN(D20) -> #VALUE! | E30: =LN(E20) -> #VALUE! | F30: =LN(F20) -> #VALUE! | G30: =LN(G20) -> #VALUE! | H30: =LN(H20) -> #VALUE! | I30: =LN(I20) -> #VALUE!
C33: paramètre "pente" = | D33: =INDEX(LINEST(D25:D30,$C$25:$C$30),1) -> #VALUE! | E33: =INDEX(LINEST(E25:E30,$C$25:$C$30),1) -> #VALUE! | F33: =INDEX(LINEST(F25:F30,$C$25:$C$30),1) -> #VALUE! | G33: =INDEX(LINEST(G25:G30,$C$25:$C$30),1) -> #VALUE! | H33: =INDEX(LINEST(H25:H30,$C$25:$C$30),1) -> #VALUE! | I33: =INDEX(LINEST(I25:I30,$C$25:$C$30),1) -> #VALUE!
C34: paramètre "ordonnée à l'origine" = | D34: =INDEX(LINEST(D25:D30,$C$25:$C$30),2) -> #VALUE! | E34: =INDEX(LINEST(E25:E30,$C$25:$C$30),2) -> #VALUE! | F34: =INDEX(LINEST(F25:F30,$C$25:$C$30),2) -> #VALUE! | G34: =INDEX(LINEST(G25:G30,$C$25:$C$30),2) -> #VALUE! | H34: =INDEX(LINEST(H25:H30,$C$25:$C$30),2) -> #VALUE! | I34: =INDEX(LINEST(I25:I30,$C$25:$C$30),2) -> #VALUE!
C36: paramètre "b" de Montana = | D36: =-D33 -> #VALUE! | E36: =-E33 -> #VALUE! | F36: =-F33 -> #VALUE! | G36: =-G33 -> #VALUE! | H36: =-H33 -> #VALUE! | I36: =-I33 -> #VALUE!
C37: paramètre "60*a" de Montana = | D37: =EXP(D34) -> #VALUE! | E37: =EXP(E34) -> #VALUE! | F37: =EXP(F34) -> #VALUE! | G37: =EXP(G34) -> #VALUE! | H37: =EXP(H34) -> #VALUE! | I37: =EXP(I34) -> #VALUE!
C38: a | D38: =D37/60 -> #VALUE! | E38: =E37/60 -> #VALUE! | F38: =F37/60 -> #VALUE! | G38: =G37/60 -> #VALUE! | H38: =H37/60 -> #VALUE! | I38: =I37/60 -> #VALUE!
C42: Courbes IDF
B44: durée de la pluie | C44: durée de la pluie | D44: =D8 -> temps de retour = 5 ans | E44: =E8 -> temps de retour = 10 ans | F44: =F8 -> temps de retour = 20 ans | G44: =G8 -> temps de retour = 30 ans | H44: =H8 -> temps de retour = 50 ans | I44: =I8 -> temps de retour =100 ans
B45: [min] | C45: [h] | D45: [mm/h] | E45: [mm/h] | F45: [mm/h] | G45: [mm/h] | H45: [mm/h] | I45: [mm/h]
A46: Intensité | B46: =IDF!E24 -> r1 | C46: =B46/60 -> #VALUE! | D46: =$D$37/(B46^$D$36) -> #VALUE! | E46: =$E$37/(B46^$E$36) -> #VALUE! | F46: =$F$37/(B46^$F$36) -> #VALUE! | G46: =$G$37/(B46^$G$36) -> #VALUE! | H46: =$H$37/(B46^$H$36) -> #VALUE! | I46: =$I$37/(B46^$I$36) -> #VALUE!
B47: =IDF!E25 -> r10 | C47: =B47/60 -> #VALUE! | D47: =$D$37/(B47^$D$36) -> #VALUE! | E47: =$E$37/(B47^$E$36) -> #VALUE! | F47: =$F$37/(B47^$F$36) -> #VALUE! | G47: =$G$37/(B47^$G$36) -> #VALUE! | H47: =$H$37/(B47^$H$36) -> #VALUE! | I47: =$I$37/(B47^$I$36) -> #VALUE!
B48: =IDF!E26 -> r2 | C48: =B48/60 -> #VALUE! | D48: =$D$37/(B48^$D$36) -> #VALUE! | E48: =$E$37/(B48^$E$36) -> #VALUE! | F48: =$F$37/(B48^$F$36) -> #VALUE! | G48: =$G$37/(B48^$G$36) -> #VALUE! | H48: =$H$37/(B48^$H$36) -> #VALUE! | I48: =$I$37/(B48^$I$36) -> #VALUE!
B49: =IDF!E27 -> r3 | C49: =B49/60 -> #VALUE! | D49: =$D$37/(B49^$D$36) -> #VALUE! | E49: =$E$37/(B49^$E$36) -> #VALUE! | F49: =$F$37/(B49^$F$36) -> #VALUE! | G49: =$G$37/(B49^$G$36) -> #VALUE! | H49: =$H$37/(B49^$H$36) -> #VALUE! | I49: =$I$37/(B49^$I$36) -> #VALUE!
B50: =IDF!E28 -> r4 | C50: =B50/60 -> #VALUE! | D50: =$D$37/(B50^$D$36) -> #VALUE! | E50: =$E$37/(B50^$E$36) -> #VALUE! | F50: =$F$37/(B50^$F$36) -> #VALUE! | G50: =$G$37/(B50^$G$36) -> #VALUE! | H50: =$H$37/(B50^$H$36) -> #VALUE! | I50: =$I$37/(B50^$I$36) -> #VALUE!
B51: =IDF!E29 -> r5 | C51: =B51/60 -> #VALUE! | D51: =$D$37/(B51^$D$36) -> #VALUE! | E51: =$E$37/(B51^$E$36) -> #VALUE! | F51: =$F$37/(B51^$F$36) -> #VALUE! | G51: =$G$37/(B51^$G$36) -> #VALUE! | H51: =$H$37/(B51^$H$36) -> #VALUE! | I51: =$I$37/(B51^$I$36) -> #VALUE!
B52: durée de la pluie | C52: durée de la pluie
B53: [min] | C53: [h]
A54: Hauteur | B54: =IDF!E24 -> r1 | C54: =B54/60 -> #VALUE! | D54: =D$38*$B46^(1-D$36) -> #VALUE! | E54: =E$38*$B46^(1-E$36) -> #VALUE! | F54: =F$38*$B46^(1-F$36) -> #VALUE! | G54: =G$38*$B46^(1-G$36) -> #VALUE! | H54: =H$38*$B46^(1-H$36) -> #VALUE! | I54: =I$38*$B46^(1-I$36) -> #VALUE!
B55: =IDF!E25 -> r10 | C55: =B55/60 -> #VALUE! | D55: =D$38*$B47^(1-D$36) -> #VALUE! | E55: =E$38*$B47^(1-E$36) -> #VALUE! | F55: =F$38*$B47^(1-F$36) -> #VALUE! | G55: =G$38*$B47^(1-G$36) -> #VALUE! | H55: =H$38*$B47^(1-H$36) -> #VALUE! | I55: =I$38*$B47^(1-I$36) -> #VALUE!
B56: =IDF!E26 -> r2 | C56: =B56/60 -> #VALUE! | D56: =D$38*$B48^(1-D$36) -> #VALUE! | E56: =E$38*$B48^(1-E$36) -> #VALUE! | F56: =F$38*$B48^(1-F$36) -> #VALUE! | G56: =G$38*$B48^(1-G$36) -> #VALUE! | H56: =H$38*$B48^(1-H$36) -> #VALUE! | I56: =I$38*$B48^(1-I$36) -> #VALUE!
B57: =IDF!E27 -> r3 | C57: =B57/60 -> #VALUE! | D57: =D$38*$B49^(1-D$36) -> #VALUE! | E57: =E$38*$B49^(1-E$36) -> #VALUE! | F57: =F$38*$B49^(1-F$36) -> #VALUE! | G57: =G$38*$B49^(1-G$36) -> #VALUE! | H57: =H$38*$B49^(1-H$36) -> #VALUE! | I57: =I$38*$B49^(1-I$36) -> #VALUE!
B58: =IDF!E28 -> r4 | C58: =B58/60 -> #VALUE! | D58: =D$38*$B50^(1-D$36) -> #VALUE! | E58: =E$38*$B50^(1-E$36) -> #VALUE! | F58: =F$38*$B50^(1-F$36) -> #VALUE! | G58: =G$38*$B50^(1-G$36) -> #VALUE! | H58: =H$38*$B50^(1-H$36) -> #VALUE! | I58: =I$38*$B50^(1-I$36) -> #VALUE!
B59: =IDF!E29 -> r5 | C59: =B59/60 -> #VALUE! | D59: =D$38*$B51^(1-D$36) -> #VALUE! | E59: =E$38*$B51^(1-E$36) -> #VALUE! | F59: =F$38*$B51^(1-F$36) -> #VALUE! | G59: =G$38*$B51^(1-G$36) -> #VALUE! | H59: =H$38*$B51^(1-H$36) -> #VALUE! | I59: =I$38*$B51^(1-I$36) -> #VALUE!
